,A,B-1,B-2,C,D,E-1,E-2
GTEX-111CU-0326-SM-5GZXO,-0.723457956053733,0.52070876601998,-0.156500977594184,-0.88352572523049,0.133727059846359,-2.88838770682471,2.70997673561921
GTEX-111FC-1126-SM-5GZWU,1.0435598091372,-0.516554568624101,0.677466541397004,-0.721622031734976,-1.38905937206117,-1.83300640180556,2.99241095332983
GTEX-111VG-0726-SM-5GIDC,1.39812589666454,-0.471963091743548,0.739502902667914,0.36215067197422,0.231071513053005,-2.45146669625928,3.0339567975911
GTEX-111YS-0626-SM-5GZXV,0.113690764256392,0.521230981153885,-0.77410395661278,-0.319630729657684,0.396082603419664,-2.22609827053838,2.89213149355083
GTEX-1122O-0126-SM-5GICA,-1.12703244838218,0.330090049235391,-1.03618069492779,0.49994703634751,0.255408330770239,5.50330413439896,-6.47881533479938
GTEX-1128S-0726-SM-5N9D6,1.24455805080978,-0.178415070204304,0.784453612000423,0.187257993180077,0.719153585358234,7.36654441401254,-7.0472741623404
GTEX-117YW-0526-SM-5H11C,-0.336992769356829,-0.620536521338677,0.5746064648066,1.00912224802739,0.0112663257935082,-2.17022269349109,3.24699348520838
GTEX-117YX-1326-SM-5H125,-1.00763400635752,0.476494890832005,-0.873742233416188,0.788695856297672,0.729002971047646,-3.07963596932127,2.74809032554756
GTEX-11DXX-0626-SM-5Q5AG,-1.1568644548443,0.251003650014098,-0.7918951514029,0.20401204333587,-0.225313853473246,6.57683009618802,-5.94030766397207
GTEX-11DXZ-0726-SM-5N9C4,-0.917050239825187,0.290027100287038,-0.389886011508292,0.0114169009592006,-0.365103537062722,-3.0823849848183,2.88584413536326
GTEX-11DZ1-0426-SM-5H11A,-0.581161604590049,-0.191117234153486,-0.270277618885291,0.963068026726507,0.542633944544642,-3.58576615694476,3.01958471305095
GTEX-11EI6-0826-SM-5985V,-0.616239200481183,-0.755331168060235,0.641807647521858,-0.546599077677244,-0.196096055714174,-2.80204305356556,3.06412750185999
GTEX-11EMC-0126-SM-5EGKV,-1.02960072555771,0.948784067557426,0.420722677246222,-0.527392350542535,0.74670501397637,7.01843566736862,-6.0246675524379
GTEX-11EQ9-0226-SM-5A5JX,-0.7487392882348,0.257559839743369,-0.59910192132565,1.03968658694162,1.59285001426319,-2.53267985271137,2.93844292137299
GTEX-11GSP-0726-SM-5986L,0.179003262933525,-0.321796185414726,0.91689374614792,-0.167366543368139,0.49891364249138,6.56020137762359,-5.6523899977355
GTEX-11I78-0126-SM-5HL6F,0.371353446399441,0.55785264560609,-1.01050791905047,0.0547895117662181,0.0495854479318653,5.68133952518046,-6.20787841837247
GTEX-11LCK-0426-SM-5A5M8,-1.17354896173729,0.654892120547212,-0.85568403883306,0.988295460969835,0.11235455207368,-2.60996666661287,2.94378900714553
GTEX-11NSD-0326-SM-5A5LS,1.14993414492683,0.566901422794485,-0.403702931602026,0.920951662033597,-0.843937791191724,-2.30401578865195,2.73613136119647
GTEX-11NUK-0826-SM-5HL4U,0.350738649683272,0.164694973442438,-0.155592709789105,0.514981690701297,-0.283390337209072,-3.23940866917799,3.05342057124134
GTEX-11NV4-1126-SM-5HL6J,-0.253524547977282,-0.250649352371079,0.946033892507909,1.10625799322713,0.105621574343485,-2.62964046736123,2.8048648335788
GTEX-11O72-1326-SM-5BC5A,0.159475331915012,-0.808894552090412,0.863279421997366,1.20976855138921,0.321625473755292,-2.35107965599305,3.20650080573667
GTEX-11OF3-1126-SM-5986C,-0.832966196423182,-0.618007601330315,0.94199267250423,-0.283258713379236,0.73057584383377,-2.43993676781006,2.60562081229047
GTEX-11P7K-0326-SM-59871,-0.174983025931615,0.537595797041739,-0.714370690566614,-0.65225919005469,0.679447765985373,-2.5951772385194,2.95000187036113
GTEX-11P81-0226-SM-5HL5M,0.867177965884605,0.584010534399665,-0.0337507157332338,0.674190655036997,-0.619740389996687,6.86298158839178,-5.84122958421223
GTEX-11PRG-0926-SM-5EGI8,-0.513185391034823,-0.868073029924024,0.28749173157182,1.23700805634268,-1.22196970475394,-3.26538897443025,2.58791616593994
GTEX-11TT1-1626-SM-5EQL7,-0.775096160263344,0.548316130826979,-0.737161551079571,-0.925537240144775,1.07101438562337,-2.27468255079934,2.72858342740473
GTEX-11TUW-0526-SM-5LU9A,-0.126372712629102,-0.134498226213518,0.327464826784357,1.07358424782333,0.237420911652759,-4.39547422533605,3.0481222878159
GTEX-11UD2-0726-SM-5EQ69,1.3597528974898,-0.0623220256570071,0.492775883396557,-0.45251389622976,1.01541093663808,-2.54978365908426,3.02412994975139
GTEX-11WQC-0626-SM-5EQMF,-0.8243296415657,-0.845772340761417,0.828986529477786,-0.931174513729651,-0.684276620187313,-2.1053049629032,3.11408265756606
GTEX-11WQK-1226-SM-5GU5Z,-0.671529886117887,0.252844315839186,0.993881813309963,-0.596889738223894,0.32670241333546,-2.90328144283875,3.20782584764
GTEX-11ZTS-1226-SM-5EQMQ,-0.864089697152402,0.0772151907836991,0.297687306044638,-0.96078299185633,0.563064449786038,7.63750454178749,-6.11000500967556
GTEX-11ZTT-0626-SM-5EQLM,1.59382042225252,0.243718809433733,-0.713809311508407,0.0297344673156982,0.169764180270277,6.92291537634162,-6.03339993969815
GTEX-11ZUS-0126-SM-5EQM5,1.05000544194567,-0.483207673857035,0.0521222878295168,-0.803109975356462,-1.29220702120707,-1.56886139981642,3.09666667593771
GTEX-11ZVC-0226-SM-731E8,0.409264683113591,0.509089829512699,0.0575467601526695,0.980185295033121,1.02359092049129,7.45696047530768,-6.39145340042187
GTEX-1211K-0826-SM-5FQUP,0.298693184414093,0.513446660470917,-0.718435610225693,-0.378763094618835,0.0371195828394366,5.95717238403463,-5.84460843703473
GTEX-1212Z-1026-SM-5EGJ8,-0.0194593888513983,-0.5826445181241,0.579316800623056,0.310790618407128,0.293245623816902,-2.22131441913201,3.03259726752156
GTEX-12584-1426-SM-5EGJ9,0.132217836025344,0.0751026474560729,1.35069317604162,-0.217013843322618,2.27476575621677,-1.97418045678091,3.292428063207
GTEX-12696-1026-SM-5FQUV,0.863605223053711,-0.110319957137253,-0.240269869035995,-0.303960760699567,-0.828906278600081,-2.15048713032083,2.64672453111792
GTEX-1269C-0926-SM-5FQSR,1.66617698547502,-0.171870953360456,1.10069901495323,-0.357812751620886,0.337751719633574,7.29583103350254,-5.43751831026437
GTEX-12BJ1-1026-SM-5EGJA,-0.534797045580484,0.519633346778521,-0.2944906555613,1.25447678697467,1.5701551216855,-2.05602207953071,2.64948297013176
GTEX-12KS4-0726-SM-5FQSX,-0.616313036104195,0.122174663437734,0.609092362688824,-0.314467999616196,0.415515875506375,-1.94368939173562,2.95103754390604
GTEX-12WSA-1026-SM-5EGHN,-1.02976166880729,0.0458860683808804,-0.775695503744739,1.29367248857518,-0.40803363815229,-1.74091713555293,2.88888019900455
GTEX-12WSD-0826-SM-5GCNE,1.09155698045263,-0.138262839370229,0.525342122451763,0.645395870994322,-0.297258714172569,6.5118677030694,-6.33678622316292
GTEX-12WSE-0826-SM-5S2VL,0.688349457798428,-0.999918465502345,0.830401780698089,-0.300619046571265,-0.2419267717291,-3.21619436742084,2.9494012905323
GTEX-12WSG-5004-SM-7EPG9,-0.550923761086578,-0.292022496207978,-0.108997022867291,-0.0504829805556569,0.750504501705568,2.77505194028963,-6.75448396158336
GTEX-12WSH-0126-SM-5GCO3,1.28046053107113,-0.412948221045474,1.05014998625582,1.04236150683688,0.34321169079023,-2.00866054105555,3.10536673531539
GTEX-12WSI-0826-SM-5EGKD,1.44365554444138,0.411987464444283,0.083747799782907,-0.654007744415129,-1.43496474245191,-2.32463457625722,2.85290462159366
GTEX-12WSJ-0226-SM-5GCP7,-0.898265705133498,0.756737750734192,-0.518591433945831,0.688828606922885,0.591594230016988,6.34833793188669,-6.32941105751828
GTEX-12WSK-0826-SM-5CVNP,-0.566481688597175,0.166858112754013,-0.463636893588089,0.501422335030694,0.732605626459986,6.55523276683568,-6.19490431598416
GTEX-12WSL-1026-SM-5CVNJ,-1.1022887376051,0.157511791629659,-0.756090886136963,0.548642959214103,-0.86226774335419,-2.77436708018814,2.87910453130989
GTEX-12WSN-5004-SM-793CE,0.231165920629265,0.404251242136629,-0.945627378423398,0.0657787175249844,-0.142621855758915,-2.0740966255348,2.62226670277744
GTEX-12ZZW-0926-SM-5LZUD,0.787976885158652,-0.708086073459029,-0.316157732629741,-0.675311144419466,-0.0973742386129222,-2.52355808792056,2.72138116347564
GTEX-12ZZY-0926-SM-5EQ6I,0.201347756927579,-0.933497306756538,0.28618386870572,-0.768616756970041,-0.064206860019539,-2.64294773648581,2.91516469831607
GTEX-13111-0426-SM-5DUXR,0.784025855364697,0.794793615411837,-0.838070138623576,0.211977843580283,-1.23771830869688,-3.38542537401209,3.05042711643884
GTEX-13113-5004-SM-79ONL,-0.245823066520064,0.254777321386595,-0.666256309631526,0.0976982637919261,0.400466183404023,3.93035331480105,-6.58893024934682
GTEX-1313W-0926-SM-5EQ56,-0.195858578932562,0.146599973918448,0.474692517464753,-0.900105155957182,-0.182286634144324,6.58451932284911,-5.75420512559782
GTEX-131XE-0726-SM-5HL9K,-0.685857168232875,-0.224282264622347,-0.0153358736978051,0.296342939272511,0.189701720557889,-2.45787090990616,2.8568421355738
GTEX-131XF-1026-SM-5BC6A,-0.062381015238687,0.403912251536688,-0.604538151377345,1.00267907629913,-0.945416008663324,-4.00382501824826,2.90724580238983
GTEX-131XH-0426-SM-5DUWU,1.29863607654064,0.414037276802564,0.916506657091711,0.274058290949826,-0.23449066558541,-1.77186414584606,3.08966621817382
GTEX-131XW-1126-SM-5EGK4,-0.765248926695522,-0.900197293694221,0.400283990441963,-0.535642803788959,-0.0371379309433044,6.55081559711918,-5.93399370997548
GTEX-131YS-0926-SM-5IJB9,0.412413303588018,-0.414487732214723,0.0103638504402804,-0.790461121488738,-1.78256086271736,7.10397200303703,-6.22112245410148
GTEX-132NY-1226-SM-5PNVF,-0.179463218597215,0.325040272678302,0.992881656019827,-0.861472902725138,-0.322134886077955,-2.76874979529548,2.92097617036214
GTEX-132QS-0726-SM-5IJE9,0.239412695044295,0.465189867648563,-0.706591540505405,0.801980463645153,0.696510264138488,-2.85338453830131,2.52875503805965
GTEX-1339X-0626-SM-5IJER,-0.556710464162652,0.53044296734107,-0.365662686719598,0.705024392281051,0.41602430836044,-2.46233548082936,3.0891066919875
GTEX-133LE-0526-SM-5N9EJ,0.559537468489342,0.347568290175128,-0.572895360389256,0.622892090624379,-0.139983316609384,6.04034491537044,-6.34532176921275
GTEX-1399S-1726-SM-5L3DI,-0.12791549019149,0.481583583026164,-1.20422882109827,0.686883673603549,0.777593118453328,6.66770093561855,-6.24042558643666
GTEX-1399U-0826-SM-5KM1P,1.19820101611208,0.580805828472149,-0.687634976253479,-0.576479852230908,-1.20527594323782,6.52449762303079,-6.23054009302937
GTEX-139T6-0426-SM-5IJEM,-0.65509386632258,0.325114469372841,-0.626193067183788,0.702552317006498,0.988710777806028,-2.96807685206295,2.67669142861245
GTEX-139TT-0726-SM-5K7XW,-0.245545557167325,-0.528287702799552,0.87971834396554,-0.67230544592977,0.757826965597621,-2.60345131421377,2.95976305817961
GTEX-139UW-0226-SM-5K7WU,-0.836994020342636,-0.0571077286665938,0.303958470666109,-0.958626912669883,1.12881753863449,-2.6702543979412,2.83878755657391
GTEX-139YR-0926-SM-5LZYB,-0.611892176327901,0.604520801322168,0.138879636715577,-0.218895206834265,1.01408305058311,-4.17830825281713,2.70819864448749
GTEX-13CF3-0426-SM-5IJEU,0.0502599129038056,0.537364042897712,0.252426410254334,0.545296435417263,0.264643981457853,6.3111277017363,-6.19056646609612
GTEX-13D11-0326-SM-5LZXX,0.831860643196132,0.628335958868791,-0.47734988008261,-0.253535640020996,-0.167157903208984,6.41224738399544,-7.1828771032761
GTEX-13FH7-1726-SM-5IJE7,1.17669766594144,0.497832607045053,-0.388831645559972,0.705092308506668,-0.248038498163576,6.46309002408769,-6.53945599832443
GTEX-13FHO-1026-SM-5KM1Q,-0.00442427517775401,-0.913471060291969,0.371287104871577,-0.522898548200214,0.710228306056995,-3.03016848543187,2.84787710058835
GTEX-13FHP-0726-SM-5K7YI,-0.778190546923773,-1.06907990156451,0.0610959823422715,-0.852664073663496,-1.31206389199673,-3.37444565291346,2.77233031748957
GTEX-13FLV-0426-SM-5KLZA,0.592391911452009,0.0198373169024649,0.496734704525992,-0.64442674544636,0.7421471770562,-2.39845323988795,3.05387619083451
GTEX-13FTX-0326-SM-5J2NG,0.844076068652948,0.494047349996738,-0.104486704386199,-0.751920974849238,1.41247345501783,6.08351580255498,-6.79603696770673
GTEX-13FTY-0126-SM-5J2NZ,1.10903004079612,0.0328662631279424,0.673877523594245,-0.702034021618097,-0.431143868188768,6.86723587788546,-6.14106024349092
GTEX-13FTZ-0526-SM-5IJCW,-0.514309944472063,-0.471364754711696,0.820298021740916,-0.708402782021313,0.459805494032195,-2.52802910547771,3.11334981743843
GTEX-13G51-0426-SM-5K7Z5,-0.800541521339753,-0.134039502494772,0.829537641084176,-0.759555070398964,0.32305355391818,-1.85416613405905,2.94458684457702
GTEX-13JUV-0526-SM-5K7XE,-0.331610843964766,-0.204752514635843,0.630980763891159,1.06194958536598,-0.532822426364419,6.40151188906878,-5.79629432314652
GTEX-13JVG-1426-SM-5MR4W,0.153425492868125,-0.37804728838654,1.07279144675833,-0.587391196609227,0.372970528053031,-5.59876207023721,2.62019198594938
GTEX-13N11-0326-SM-5LUA3,-0.878431887484615,0.374634565153443,-0.507609869032869,0.782263353071569,-0.334470598874715,6.22220346072743,-5.26084078510655
GTEX-13N1W-0726-SM-5MR57,-0.503212044802656,0.579795072552837,0.100195060107719,-0.868038518445711,0.453564590470249,-4.18061912963463,2.99980308034037
GTEX-13N2G-0826-SM-5IJE6,1.22250596426808,0.711096870901484,-0.543658150043747,0.736338320555951,-1.29711622658076,-2.08392740624132,3.1124868063479
GTEX-13NYB-0626-SM-5MR47,-0.695885183917063,-0.154386396385479,0.223288955286199,-0.854280880724775,-1.15172331008601,-3.86658604560545,2.96076902346809
GTEX-13NYS-1626-SM-5J2MU,0.755824980999732,-0.340201910444275,0.0803656897102717,-0.301459935598441,0.221498508448147,-2.19454724671147,3.13451086089185
GTEX-13NZ8-0326-SM-5L3DF,0.742017992389757,-0.959728434649819,-0.156737188497835,-0.87726295405163,-0.49925917771351,5.47867543973262,-5.84971632584781
GTEX-13NZ9-0926-SM-5KM12,-0.50908114107434,-1.03165827909572,-0.122444770638076,-0.635557060257349,-1.12226090404332,-2.91599539528914,2.72379348562842
GTEX-13NZA-1426-SM-5KM4Y,0.330163529932513,-0.72655573084915,0.3470207858016,0.395940076981345,0.892663411605317,-3.04821392399173,2.32083765773252
GTEX-13O21-3026-SM-5J2NI,-1.0277753467314,0.242009252909917,-1.24795288082078,-0.819869707460724,-0.95721027604953,-3.69260077750258,2.9837604730675
GTEX-13O3O-0726-SM-5J1N7,1.35649879726565,-0.103989741566139,0.686741318891386,-0.570528286427494,1.07332559632685,6.96217727330457,-5.5552272998162
GTEX-13O3P-1026-SM-5N9E7,0.624980389333798,-0.627885129445556,0.695177630882984,0.320179148006856,0.960005709188248,-2.69700113278537,2.78639786653336
GTEX-13O3Q-0526-SM-5KM18,0.0444255614921714,-0.641347936038832,0.864503695003683,-0.570772691557131,-0.62904831859686,-1.90822828717977,3.21366563502257
GTEX-13O61-0726-SM-5J2MD,0.764112148563231,0.433002614605542,-0.988545286963846,-0.479348601408075,-0.444579348227428,-2.13987605690038,2.69048800148913
GTEX-13OVG-0326-SM-5KM57,-0.480596606209924,0.487698016204631,-0.748905979275713,1.15190606302057,-0.433534221258399,-2.29784143330425,3.00656292813765
GTEX-13OVH-1026-SM-5J2NP,-1.17531902399161,0.685675529810935,0.847318377433937,-0.857611283384001,0.397398639469553,-2.66938380515069,3.0237463166276
GTEX-13OVJ-0726-SM-5KM1W,0.716618678899647,-0.100639957853084,0.774184399180801,-0.437216013459355,1.23842492925,6.13044525186618,-4.81821232080688
GTEX-13OVL-0626-SM-5KM13,-0.120040754825978,-0.983219224737673,0.837219996437199,-0.602675541753174,0.779741340473203,-3.35386149983226,3.24074490616387
GTEX-13OW5-0726-SM-5KLZK,0.0135398654177234,-0.564500642162525,0.32545364119002,0.156187517608039,-0.0233265269380825,-2.95399160627836,2.8294871126883
GTEX-13OW6-0826-SM-5L3GA,-0.589151413310438,0.763068413104273,0.112412013036577,0.480090097985944,-0.338682432476945,-2.50167603854741,2.89459414266074
GTEX-13OW7-0926-SM-5L3EX,-0.869698394444889,-1.03318102831833,0.914538481986247,-0.784380792524487,0.360643622655923,-2.34042912166161,3.23103458718691
GTEX-13OW8-1726-SM-5L3GO,-0.777603576424683,0.753982811782211,-0.0856800251903623,0.449057122394618,-0.212956676307746,-3.3116087348203,3.19471076846543
GTEX-13PL7-1726-SM-5J2NX,0.80704620455432,0.709176841639822,-0.629055334196064,-0.726167688141083,0.0840083972608978,6.24092791409661,-5.94327195275888
GTEX-13PVQ-0926-SM-5IJFD,-0.720594973263762,-0.539916052322716,0.171722854140354,0.581597442932283,0.265472307530405,-2.68068592003687,2.94032912912436
GTEX-13QBU-0726-SM-5J2OA,-0.899707046077862,0.253257193539705,-0.297440620617642,-0.792024471153731,-0.343012618565416,7.37494260888096,-6.31653151833167
GTEX-13QJ3-1026-SM-5QGQU,0.613606803294222,-0.501745470201159,0.300259651814501,-0.263726177767752,-0.974459939053718,-3.21499886657419,2.79754349867205
GTEX-13QJC-0526-SM-5RQKB,0.0511231579766423,0.392747877555651,-0.223016668708955,0.0285528529325418,0.421690547423966,6.89514151757506,-6.79005516313105
GTEX-13RTJ-1126-SM-5S2UJ,0.564909518255676,0.321786698161691,0.41473373508345,-0.340723393538733,-0.798721607691671,-3.65328167688421,3.01842925022516
GTEX-13S7M-2126-SM-5S2QR,-0.996241242579083,0.633263836733871,0.303206335686379,0.405587458683277,1.45285494256311,6.33653329660955,-6.07810635616015
GTEX-13S86-0626-SM-5Q5E7,-0.93186063576984,0.457849189175609,0.177502409179357,0.965998082147558,0.514733304127307,-2.76171463021844,2.72764135578996
GTEX-13SLW-1226-SM-5S2Q7,0.518440878532504,-0.896944442360674,0.449311327086919,0.273217080741983,-0.822990416784945,-3.6188856972966,2.77044037549348
GTEX-13U4I-1426-SM-5J2M3,-0.294662507028313,0.598364807306905,-0.171837581313865,-0.674168971889162,-0.371144820782768,6.6182959971253,-6.20767302969767
GTEX-13VXT-1426-SM-5LU4B,1.17701361424556,0.587160861581069,-0.921398484560192,0.418489137508669,-0.469418013141482,6.90030091451026,-6.18774365887302
GTEX-13VXU-2726-SM-5LU4N,-0.689123920875721,-0.535531947664171,0.906987321503939,0.562390199968135,1.17757728982099,-0.71134331585107,3.2044024723004
GTEX-13W3W-0326-SM-731DS,0.493795970740419,0.664393696874646,-0.740750126842027,1.06690117129914,-0.56043209811483,7.29495200010827,-6.00896387543885
GTEX-13X6K-1626-SM-7EWCX,1.45097120147605,0.173703145444467,-0.070199040461621,0.434255737931557,-1.01103992679342,6.96128479581405,-6.28989843811402
GTEX-13YAN-1026-SM-5O9CF,0.205548617557907,0.123641721830042,-0.0768340430600878,-0.867274908453708,0.969624073564577,-3.91495967519058,2.76399458460425
GTEX-144GM-0126-SM-5Q5AX,-0.744462228788534,0.376783471799707,0.755409521591638,0.247898768180052,1.76387274831889,-2.72144245330417,2.7385971968481
GTEX-144GN-0426-SM-5O9AP,1.52419410656881,0.62146579449422,-0.297803441652406,0.0717206101638515,-0.471436876220574,-2.58963337050307,2.7202438641689
GTEX-144GO-0226-SM-5LUB1,0.297520647980173,-0.0563681277380952,0.548901251740585,1.07683417223189,1.58209180592033,-3.12656840728733,3.09950760344921
GTEX-145LS-1226-SM-5Q5D9,1.35283845006818,0.904383380705121,0.25183378974869,1.08063939601541,0.594769529070713,5.2825178003025,-5.5396820754468
GTEX-145LT-0326-SM-5LUAD,-0.968986352639488,0.418096035494324,-0.485205795800214,0.804523293717797,0.385913571001635,-3.35820388467611,2.75254116843708
GTEX-145LU-0526-SM-5O9AT,-0.0878599384193328,-0.742093503603453,0.182540443386908,0.0627975190162968,0.226722143975488,-3.07513485348476,3.25422037568636
GTEX-145ME-0226-SM-5S2QN,-1.29395445667544,0.684125896801241,0.11396689162414,0.244906891245194,-0.432049570364645,6.05380943668561,-6.39389230136935
GTEX-145MF-0726-SM-5Q5BT,1.9972886547535,0.829251839460344,0.0914759511171497,0.309651585454742,-0.313882232211015,-2.70198930915245,3.1499821343804
GTEX-145MH-0626-SM-5NQAK,1.90011266108901,-0.646122744919645,0.0979658248674023,-0.9055651922445,-1.0788578534966,-2.32088128515238,2.66887866481466
GTEX-145MN-0926-SM-5NQBT,1.35656280580439,0.515313850170384,-0.925582855244936,-0.886935328117141,-0.0195719236761321,-2.53500770201253,3.00621760963585
GTEX-145MO-1326-SM-5Q5EF,-1.18534852670824,0.0586274354114365,0.117591408909666,0.873954023732348,0.834818282305193,-2.52677997045049,3.04602560287844
GTEX-146FH-1226-SM-5NQB6,-0.929799046464851,-0.637021204449281,-0.151155765589114,-0.889462476483396,-0.0136101695916391,6.62605414306396,-6.60898680918057
GTEX-146FQ-0926-SM-5LUAV,1.16139970708437,0.038756555248109,0.241769903670881,0.846457991125746,0.927001213024898,-2.91545132785718,2.69413304597876
GTEX-1477Z-0626-SM-5NQB7,0.272352687890405,-0.833381166570581,0.260923218218702,-1.05415623965871,0.589385838667995,-3.58600484726636,2.81964604591595
GTEX-147F3-0726-SM-5NQ9U,-0.467262626205531,0.450534731342685,-0.724474478715317,-0.81984716189237,-0.037888276485645,7.0015557922749,-6.8352811359771
GTEX-147F4-0926-SM-5Q5EO,-0.400303635223586,-0.53046904917612,1.35683390626474,1.5158180940811,0.704087030032956,-2.86054876827589,3.06232860927883
GTEX-147GR-1226-SM-5TDCL,-0.856479176282522,0.634092527651695,0.374912084255727,0.62362661378635,-0.733220135218502,1.32633319849271,2.97666544363186
GTEX-147JS-1226-SM-5RQK4,-0.455914873467996,-0.201974988144031,0.289976434917379,0.327437544021041,0.247985283206199,-2.88712360319083,2.77889340908763
GTEX-148VI-0226-SM-5RQKA,0.743917644076243,-0.131880974162365,0.152802069384739,0.110713439428076,-1.41742338430155,6.72171405251365,-6.88661176061337
GTEX-148VJ-0826-SM-5LU8V,-1.23677076743175,-0.261210076189459,0.6517799716542,0.943664798621201,0.423852653424275,-2.84242243155225,2.97652283470576
GTEX-1497J-0326-SM-5Q5CN,1.09905347536094,-0.274757758202013,-0.65983185940455,0.951776236538825,0.288890179370684,-2.66309159573999,2.85678112115822
GTEX-14A6H-0526-SM-5NQAZ,0.383965946778617,-0.121226041394989,0.377651689471171,-0.699059233020753,-0.164631176571122,-3.02040605927549,2.70055939041933
GTEX-14ABY-1126-SM-5Q5F8,0.683021573658381,-0.711144801544696,0.487868708556917,0.984905179149354,-0.426058966630475,-2.36936511665702,2.83846611976242
GTEX-14AS3-0926-SM-5TDD6,1.14282898710836,0.0183196663504645,-0.0134484207467419,0.146852181072685,-0.12788310961915,5.90541284305917,-6.26782546046828
GTEX-14BIL-1226-SM-79OME,-0.861853886011966,-0.815240389756777,0.0557704056810524,0.7053374293988,-0.215007437668431,-4.10236224900743,2.8314170044265
GTEX-14BMU-0526-SM-73KW4,-1.22495674722716,0.463035968374607,-0.757374868026379,0.13654463362989,0.1930529907252,6.76217837433926,-6.4304527573751
GTEX-14BMV-0826-SM-73KXU,-0.687771897208983,0.290159585773466,1.08566023781256,0.0226429802259883,0.843085428546908,-3.86045950054693,3.17718147308665
GTEX-14C39-0326-SM-5TDDX,1.5927923510207,0.00807974792498109,0.738762055804254,1.00650844541225,-0.533834692695252,-2.30302656790031,2.44096546692207
GTEX-14C5O-1126-SM-5TDEH,-0.603944101179227,-0.680679838911121,-0.350755117008684,0.425048488476613,-0.299771863861393,-2.80485703911138,2.98254257525684
GTEX-14DAQ-0926-SM-793AZ,0.687281962270215,0.326424579181869,-0.472387548438152,0.527458220523377,-1.544264547495,7.34891431065887,-6.19908848199054
GTEX-14DAR-0226-SM-5S2PR,-0.17359404004056,0.54375656860737,-0.811386795055853,0.291043519456798,0.151021665441573,-4.16614317826605,2.55642416827377
GTEX-14E1K-0226-SM-62LDT,-1.03834553984147,0.534930393520775,-0.863348073536444,-1.0113906288979,-1.76460047057979,-3.25317909682946,2.95510834342032
GTEX-14E6C-1426-SM-5ZZWH,0.416416055989138,-0.881047471423171,-0.101655830753095,-0.538999007287544,0.789685650926634,-2.59727643814282,3.06296725377339
GTEX-14E6D-1026-SM-5S2RS,1.85717796672399,-0.512079960587148,0.596452368511981,0.516080355698111,0.421723468046406,-1.92549351856184,3.10831278199458
GTEX-14E6E-0426-SM-73KUE,0.620237421864836,0.785544077182534,-0.614272420390768,-0.0149189225874124,0.0575702203802675,-3.34885848233838,2.55406483072113
GTEX-14E7W-1326-SM-5RQIV,0.36533210680336,0.183057641761047,0.587301745165812,0.292106438300251,0.206275458047634,-3.46305695842793,3.0867568298061
GTEX-14JG1-0926-SM-5YY8W,-0.371517666923239,-0.261202594944285,0.570909797036866,-0.872513615512139,-0.352750261986163,-3.85651853217251,2.87499272678895
GTEX-14JG6-0326-SM-6AJBT,1.01139223827978,0.594773564943582,-0.694781246568066,0.461565605221357,0.470183959868764,6.73987399405022,-6.95966343330063
GTEX-14JIY-1326-SM-6AJB3,-0.0647197493261794,-1.19380081548672,0.887571741386544,0.922554691933135,0.15266860249319,-2.75512519050076,3.20633534469487
GTEX-14LLW-0726-SM-5ZZVV,0.437645136499861,-1.00449423319229,0.0442580703101726,-0.922817590455296,-0.611948295221479,5.96906156286264,-6.8284366922287
GTEX-14LZ3-0726-SM-5YYAB,-0.733471042368112,-1.03162354905192,-0.185916469556383,-0.275795057308844,-0.121563042446393,5.77657867665649,-5.78095208350355
GTEX-14PHY-0526-SM-664NM,-0.523369182323053,0.663959163508071,-0.117707364836211,0.650374847725806,0.217297874432446,6.66235662114818,-6.68283034961818
GTEX-14PJ4-0626-SM-6AJBS,1.27459612990313,0.556467844835702,-1.19375396177125,0.430547246045615,-0.360301152384169,-2.99963532481173,2.70038136086746
GTEX-14PJ5-0226-SM-5YY99,-0.426906942746294,0.621565658526508,-1.01208822089523,-0.997638277878177,-0.578625254973149,6.77069917965314,-6.86536591232948
GTEX-14PJM-0926-SM-6AJ9Y,-0.942904759817519,0.551140973208661,0.0224003038399934,0.946297941745641,0.708432502503117,6.46988380990808,-7.28892380865749
GTEX-14PJO-0926-SM-686YT,1.38421878296129,-0.537090897079185,0.213555205291269,0.562375153713515,-0.313089559016373,-3.87025066518059,2.79347288225518
GTEX-14PK6-0326-SM-6AJ9S,0.054642399090498,0.564172028230506,-0.486666358212828,0.496578335487864,-0.165961986584421,6.34038607065748,-6.58865553428473
GTEX-14PQA-1126-SM-7KUM4,-0.259005894885961,-0.7383215107572,0.303261279000222,-0.595485516216971,-0.173748713623152,5.44661769774143,-5.40947079845785
GTEX-14XAO-0526-SM-6AJB7,1.5829157058209,0.523765789114032,-0.788618320003026,0.502316140144341,0.594035781716109,6.58456390398896,-7.06591002098236
GTEX-15CHC-0226-SM-5YYBB,0.924434582339177,0.871512795006185,-0.450890115656232,-0.401682817300448,0.601003767237047,6.65053465725151,-7.00599836891694
GTEX-15CHR-0726-SM-7EPHG,-0.322299963100352,0.339071133465645,-0.547386690581812,0.0240223244254891,-0.757782632827293,-4.66083128340356,2.53423293673659
GTEX-15D1Q-0526-SM-6AJAY,0.711993084129359,-0.661787205071186,-0.178137474719495,0.596701287244556,0.223724166555805,-3.42458705165224,2.79268645306077
GTEX-15EOM-5010-SM-7P8PA,-0.503121863203875,0.590681247159475,0.0530221142719382,-0.765527725047923,0.427516589747344,3.70199461103307,-6.9515732537945
GTEX-15ER7-0926-SM-7KUMG,0.420970094710531,0.0871904883470979,0.951104480555015,-0.250199100563483,1.71257184601474,6.98732975665591,-5.29897761122943
GTEX-15EU6-1226-SM-6AJBE,-0.259094643570958,0.320891097392481,-0.558954114468887,0.910351043410458,-0.0319068812274965,-3.29721344814414,2.62342464756118
GTEX-15FZZ-0326-SM-6M48O,-0.373525756243411,0.868131088895323,0.108662604450151,0.341029035853038,-0.983162745733675,6.84557686116707,-6.39349100972248
GTEX-15G1A-0426-SM-6M468,-1.30626193189082,0.42537017312435,-0.794050627494187,0.0991788485346945,1.45804464026671,-3.38284811132657,2.74417728180101
GTEX-15RIE-0326-SM-6PAMC,-1.13133556958345,-0.0926663645035408,-0.467885082833002,-0.0424369255762445,-0.624587200036339,-1.82264942931588,2.81904278506133
GTEX-15RJ7-0626-SM-6M47V,-0.162150589307044,0.584552636314665,-0.215152061191699,0.3183148228011,-0.781496822485119,-3.39125273032407,2.72051781665246
GTEX-15RJE-1026-SM-6M46X,-0.327792395388383,-1.0359100836531,-0.809448256439727,0.0544730223503735,-0.104012930891458,-2.4171415038627,2.80742017192184
GTEX-15SB6-0426-SM-6LPJ5,-0.303049381144259,0.0938669996212531,-0.141296203142382,0.702807840699819,0.903824765043708,5.79574322585057,-7.01526696920613
GTEX-15SHV-0326-SM-6M475,0.98137563588207,0.459269535014786,-0.852011893341076,0.218360111782542,-0.662704902867039,-3.20180833048373,2.80669929920768
GTEX-15SHW-0926-SM-6LPIO,-0.523667289130352,-0.57573926313887,0.364355587557074,0.810441703513785,-0.617763660719411,-3.42823289828365,2.90500322275981
GTEX-15SKB-0826-SM-7KUFB,0.553350967091481,-0.954131398237533,-0.24396253182062,-1.09407063340639,-1.64799326356836,-3.06039404503051,2.66767464023244
GTEX-15UKP-1926-SM-6LPI9,0.630552984161094,0.503601036626831,-0.323025061365098,0.812717914719187,0.237325497503908,-2.96040724207395,2.93139080717474
GTEX-169BO-0226-SM-79OL1,-1.08575052073626,0.365052528635672,-0.800961379091663,0.98542684551968,-1.58340837187166,-3.2551436292409,3.201165920792
GTEX-16AAH-0426-SM-7DUFM,-0.92808376494149,0.616228941394232,-0.678457296061016,0.367389740181821,0.131287253052746,-0.29928989174335,2.69024488097587
GTEX-16GPK-1826-SM-7MGW5,-1.10109580729856,-1.29233793975547,0.347613059670956,0.955078158282495,-0.988353355159604,-3.59074342184071,2.66633791888604
GTEX-16MT8-1026-SM-6LPK1,0.450917350598568,-0.513655180403185,-0.0266854755700349,0.61848679713468,0.43018250367932,6.65515983839344,-6.2333669523217
GTEX-16MTA-1226-SM-7KULL,1.52915402871226,0.55865624141269,-0.840926719750751,-0.698193281772901,-0.141716991607129,-1.86153511834106,2.30325402057268
GTEX-16NGA-0226-SM-718AI,1.05528190203023,0.265126544598087,-0.976946932095303,-0.228768331463288,0.721906467169701,7.28123180799339,-6.77003543663953
GTEX-16XZZ-0926-SM-7DHLI,-1.03232026963787,0.920896923019515,0.594687627664404,0.00563282771454079,1.14722499188434,-3.37676397189761,3.12729179150984
GTEX-16Z82-1026-SM-6M48A,-0.135772182472481,-0.553008837104511,0.769533380316972,0.274156420114877,1.35329972078695,-3.52790850001871,2.90726199195604
GTEX-178AV-0326-SM-6LPJF,-0.499423493859174,0.377595449075374,-0.0449291207349258,0.469107548424815,-0.261206521512467,-3.21214378358185,2.83601131389365
GTEX-17EVP-0726-SM-7EWDX,0.00446057899076731,-0.635984041662651,0.624591819351323,0.513271001951333,-0.476154890820708,-2.92723591059663,3.10796369482424
GTEX-17EVQ-1526-SM-79ONG,1.30186679380497,-0.425416688398994,0.392567547350097,0.719294555708047,-0.0150828683439573,-2.97070401163984,2.60599152065605
GTEX-17F96-0626-SM-793CC,-1.01728279588769,-0.0644097533578418,-0.335654797433645,0.0950629390863818,0.520765225051974,-2.71847047853476,2.73526478923696
GTEX-17F98-0226-SM-793BV,-0.00214235487405679,0.451995105028331,-1.0513413789313,0.119579874401756,0.301415119155406,6.79294193730502,-6.32378280561516
GTEX-17F9Y-1026-SM-7IGO4,-0.68682835705487,-0.294893168310267,0.227026472919615,-0.24555577785999,-0.550545361149845,6.03261376706388,-6.73490297601439
GTEX-17GQL-0726-SM-731BL,-0.566137584348969,0.211677718750723,-0.753086880114991,0.13108971314412,-0.471830215096184,-3.80654540839679,2.5913355362868
GTEX-17HG3-0326-SM-7IGP4,0.821369373269992,-0.461194602015216,0.861929329399246,-0.121501206729439,0.36762115275962,5.39991198553548,-6.58013263041543
GTEX-17HGU-0926-SM-79OKO,-0.972548323006944,-0.494348216332328,0.381326367510787,1.00576065367011,-0.614534410372033,-4.4814105738318,3.05255409439115
GTEX-17HHE-0626-SM-7DHL6,-1.09251431633648,0.390991741843769,-0.167758538955544,0.362870991016484,0.631050782625716,-3.54333916678004,2.87973083934991
GTEX-17HII-0926-SM-79ON7,-0.237662652303036,-0.500088269414102,0.676069194641026,1.10926631890542,0.725716863498167,-3.6220041295994,2.87398929060656
GTEX-17JCI-1526-SM-7IGOQ,0.998003740968546,-0.509116162778194,0.92934528344501,0.116466237615385,0.92996795282784,6.13474802773032,-7.01681272144605
GTEX-17KNJ-0926-SM-7IGP2,0.387279031640145,0.100984966575547,-0.0956015173317333,-0.19727102038345,-1.24574080572582,-4.33003099660527,2.86210688442377
GTEX-17MF6-0826-SM-7LT8F,0.880226082184093,-0.482739865689836,0.0404723101386404,0.0597135082188919,1.9371262831626,-3.00865344081583,3.35171591288536
GTEX-183FY-0726-SM-793C3,0.130528242370265,0.23098004834793,-0.58123254094211,0.206958755926805,-0.66338466412114,-2.64562098073528,2.631884401984
GTEX-18465-0626-SM-7LT8X,1.33841996719382,0.257798218380341,0.298730004423749,0.0795714233197009,0.0983936094617753,-2.95025734585687,3.06839287012396
GTEX-18A66-0926-SM-718BG,-1.23392197935664,0.211081476632215,-0.477241167362727,-0.165157181214526,-1.06797486239423,-4.47441757979036,2.60701782774495
GTEX-18A67-1126-SM-7KFSB,1.36625724042375,0.701425400208739,-0.599351377592514,0.31437032712599,-0.776933482783404,-3.50052587996736,2.80201118188521
GTEX-18A6Q-0826-SM-7KFRD,1.63673730126741,-0.450539382924125,0.509221617974394,0.535912723624511,0.493025866656017,-2.96067986168138,2.81115127569893
GTEX-18A7A-1026-SM-7LT8B,0.625391958508994,0.333935124668489,1.10429540484844,-0.0243773807498239,1.2164013528761,6.99212493569283,-6.49533483019273
GTEX-18D9A-0226-SM-7KFSJ,0.57577569795339,0.699139675740895,-0.0325427065545414,0.395006445045567,0.604379515452529,6.54242078121201,-5.50397905902643
GTEX-18D9B-1026-SM-CNPO5,-0.0996768647711663,0.171759977415828,-0.27992809957233,-0.415836795898217,0.149069014918464,-1.4112071212774,2.46930521151601
GTEX-18D9U-0526-SM-72D7C,-0.950437704219128,0.314013443633958,-0.66200086121555,-0.189228279404654,-0.272958666654735,-5.59876207023721,2.9377904327314
GTEX-18QFQ-0926-SM-7LG4V,-0.718863564408576,0.61936329563974,-0.596000860883949,-0.661912144079012,-1.08584713607116,-4.8804348665379,3.20349067561679
GTEX-1A32A-0726-SM-731D4,1.83014737697823,0.600854068400815,-0.346020447305936,0.165024390960812,0.83475076580217,6.99134001296988,-5.88519626749036
GTEX-1A3MV-0526-SM-72D5A,0.68003696331509,0.514116912186855,-1.02303633480197,-0.169490412329718,0.314694865681369,-2.78078044278404,3.11664628300815
GTEX-1A8FM-0826-SM-793D5,1.88128838573883,0.565567397234857,0.792290209832974,0.25496654428567,-0.0231432781237269,7.85696135035978,-5.94714448538576
GTEX-1A8G6-0726-SM-73KV5,0.00396847281721359,0.20337526143522,0.858581779324776,0.408079379395479,1.31807968598227,-3.76564640146809,3.07934621227016
GTEX-1AX8Z-5010-SM-AHZ33,-0.792290616378909,0.706340300955079,-0.477098705823969,0.783186774767693,-1.12352799032434,-3.62336166322047,2.7513540282883
GTEX-1AX9I-0826-SM-73KUT,0.4005901969741,-0.556720985029979,0.287656890955682,0.113718171380052,-1.481729817212,-3.24857710208552,3.03554175318757
GTEX-1AX9J-1626-SM-73KUI,-0.347291050405687,0.571008063898716,-1.12646415698377,0.0465690413979708,-0.728377049632537,-1.8366218435272,2.96906674668618
GTEX-1AX9K-0826-SM-731F9,-0.925092179884788,0.634368662794937,-0.233756104739859,0.939307738786897,-0.5729769204067,-3.14861227129361,2.95165449016704
GTEX-1AYCT-0726-SM-7IGNG,-0.541539984388587,0.6154045399253,-0.078297034411896,0.486648365926114,-0.204611063392336,-3.61882189150709,2.94265514652005
GTEX-1AYD5-1226-SM-7EWEP,-0.813204384609262,0.114575240896339,0.0441076533088066,0.409807597458525,0.0715291613923183,-4.32672964379074,3.0608151550381
GTEX-1B8KZ-0526-SM-73KW2,1.86606711726754,0.133879027016631,-0.212129699664486,-0.0218635835605567,-0.5224761469239,-2.03503556544374,2.711568948486
GTEX-1B8L1-0626-SM-7EPHL,-0.737453994973227,-0.295059297094336,0.975414403470132,0.245364804614194,0.59820575548753,-3.16178006000472,2.92838204714045
GTEX-1B8SF-0826-SM-73KW8,0.157637257604079,-0.824426739461121,0.638118707520497,0.130977588119614,-0.0138146274270157,-4.81254559381597,2.82658200470375
GTEX-1B932-0726-SM-731EY,0.160672821773627,0.219679356064937,-0.250438486198882,0.840836779853761,0.326818241994283,7.22620049687945,-6.49637974909801
GTEX-1B933-0926-SM-9OSVH,0.14084748008285,-0.208599134727569,0.46497176669439,0.586094981903471,-0.334507909038651,7.38617877009988,-6.84612631116766
GTEX-1B97I-0226-SM-73KVO,-0.54559208671919,0.46491398378084,-0.257102462587416,0.817348533602374,-0.0138053221497829,-3.6185915836851,2.63694290663876
GTEX-1B996-0726-SM-7IGPI,1.08430628521895,0.653959708656349,0.274811299346,-0.134764401915282,0.0621469835946622,-3.90632158573484,3.04372744328414
GTEX-1BAJH-1326-SM-7RHFS,-0.902587839312561,-0.120689363384057,0.751436666391922,-0.761522152132229,-0.710771969294015,-3.61684775973112,3.25538638662782
GTEX-1C4CL-0826-SM-7EWEZ,-0.485120034395608,-0.0942765256289868,0.13401653132538,0.292386935588283,0.788081628613998,-5.59876207023721,2.67790082064996
GTEX-1C64O-1226-SM-79OOC,1.10193929685335,0.301427415616916,-0.647516269414785,0.790560727131592,1.0789612778509,-3.421731849562,2.82408493932296
GTEX-1C6VR-0626-SM-79OOY,-0.595961226493051,-0.0629019461303584,0.998522649146244,0.802660646985584,0.340465870548167,-3.66504471009534,3.17649901383678
GTEX-1C6VS-1226-SM-79OO2,1.8314650272851,-0.33134565221034,0.246217412696474,0.843074828474457,0.6621815064715,-2.81911097457999,2.79040908435927
GTEX-1C6WA-0726-SM-7IGQ5,1.36363803053468,-0.203598734040105,1.28693502086111,-0.00853692380351698,0.290313841759978,-3.06350273755162,2.9873575144427
GTEX-1CAMQ-1026-SM-7EPIC,-1.17386105038229,-0.898821349164757,0.616903167282567,0.379479443795721,0.0606389551422322,-2.93706276376967,2.76140992368413
GTEX-1CAV2-0626-SM-7P8QE,0.348558194900451,-0.653962926337124,0.462143246358712,-0.818948597867768,0.273742958053106,5.55540849320607,-6.77362618271637
GTEX-1CB4F-0926-SM-7DHMJ,1.05303641530583,-0.0362851343314055,0.136062070925931,0.57496432791334,1.00818057609975,1.55059240934447,2.64599707719031
GTEX-1CB4I-2126-SM-793AG,0.472550479526834,0.55541779282559,-0.869076495284274,-1.1724873466103,-0.216886926342171,-3.31783286875174,2.60096715974069
GTEX-1CB4J-1726-SM-79OOL,-0.820977004662029,-0.580957956067253,0.325666735104857,0.827604947792951,-0.0551758527183533,-3.95988391128963,2.79271703715286
GTEX-1E1VI-0926-SM-7P8T3,1.69254902844303,0.184586823565635,0.256702320295685,-0.788733928806298,0.381399492839517,-2.9013377602323,2.92835461409913
GTEX-1E2YA-0926-SM-7MXUK,-0.0530250819914882,0.115906423157196,1.15768008508938,0.904797797969967,2.20515255724131,-3.21125236271465,3.27694880094163
GTEX-1EKGG-1326-SM-7MXUM,-0.674560253299928,-0.607829228192075,1.19282893814041,0.736796920719232,0.167468391969554,-3.04362420088312,3.3298986234407
GTEX-1EMGI-1426-SM-7IGNQ,-0.617158337349765,-0.102115795445296,0.980956617595065,-0.091158778984678,1.45642948782934,-3.7988265165874,3.08297188803023
GTEX-1EN7A-0826-SM-7MKFV,-1.04691176349588,-0.472453431669089,0.48690013617622,1.4812615833648,0.12538240332604,-3.87165784585592,2.90715719425669
GTEX-1EWIQ-0926-SM-7RHG7,0.149746994675313,-0.558584313236169,1.05834085485923,-0.855029898431484,0.66717487439863,7.29754094169689,-6.80883022357653
GTEX-1EX96-0226-SM-7RHHR,0.262584555814413,-0.469349858476406,0.767941899086945,-0.808638341992169,0.11821096346189,-4.28510654060062,2.95860762842727
GTEX-1F48J-0826-SM-9WPOD,0.555935323042151,-0.450923014844374,-0.0671961045555239,0.235614672033431,0.26833676478845,7.17206318927845,-6.18590440003411
GTEX-1F5PK-0526-SM-7MXUA,1.12092857711512,0.200088885343532,-0.807736894921253,0.620133344304474,-0.70035830868446,-2.70675594077999,2.93211633223798
GTEX-1F6I4-1026-SM-7P8PS,-0.0201261877111209,-0.46457902852295,0.744416882910741,-1.00227719906757,-0.168516119325843,-3.42908979397844,3.16793072703008
GTEX-1F6RS-0826-SM-7P8T9,-0.0145010081994995,-0.775467882332861,0.0878367878492965,-0.821463368492517,-0.0726826077362308,6.75209831173936,-6.49710563273174
GTEX-1F75B-1026-SM-9JGFS,-0.0984415904158605,0.10390630351485,0.398395116383919,1.62143064411966,0.474897577887264,-1.9868695909172,2.99445464090081
GTEX-1F75W-0626-SM-7PC13,-0.42652813582822,-1.12134745483233,0.657133274162802,-0.819881418929411,0.571329889748934,-4.01629278363485,3.37960666635772
GTEX-1F7RK-0826-SM-7SB8V,-0.917889218307265,-1.36657120762453,0.276477361937622,-0.831614679044055,-1.73445530911392,7.07585432813048,-6.98239156967099
GTEX-1F88F-0926-SM-7RHH8,-0.782787643644837,-0.366958934258119,1.29251302909196,-0.861452377635309,1.02427535832201,6.95644150115604,-6.45332358268131
GTEX-1FIGZ-0326-SM-7RHGT,2.17356661067543,0.307215493032313,-0.408177946673423,1.25616560843683,-1.33800566907933,-2.31153959012959,2.96661951969487
GTEX-1GF9V-1026-SM-9KNW3,-0.558505436430845,-0.574471291382906,0.82814548151126,-0.81775473955275,0.195826759582001,-3.48598282610934,3.20025884465523
GTEX-1GF9X-0326-SM-7P8R9,-0.715444792949322,0.0570576937544596,-0.419485179990671,-0.770147613470638,-0.865489780985482,6.71783996361532,-6.27612310688907
GTEX-1GL5R-0526-SM-9WPOQ,1.56627306811687,0.77638130491721,-0.428714047167271,0.163803053680926,-0.0772141657064306,-2.30835863316079,2.88368771521711
GTEX-1GMR2-0126-SM-9JGHC,-1.12029541198981,0.381206126079723,-0.593785646805158,0.0764269792858386,-0.638003026786491,-4.97271608306671,2.86983152091702
GTEX-1GMR3-0226-SM-7RHIB,-0.888535548481896,-0.0869649864460663,0.349030936469976,-0.636105634433353,0.871458308802021,-4.19759620590344,3.1740541028034
GTEX-1GMR8-1426-SM-7RHHL,0.690781100608566,-0.566876380833759,0.407755631944874,-0.800893239544799,-0.273224644606229,6.24449512082985,-6.42784850463385
GTEX-1GMRU-1426-SM-9WPPL,1.99302247722063,-0.483078456981319,0.672788238500904,-0.285415675767887,-0.151173816328897,-1.73628116802816,3.2359150025374
GTEX-1GN1U-1026-SM-9WYUP,-0.612753724014257,-1.09165215075989,-0.26619629774817,-0.746942563180338,0.067866175012692,7.13128580884277,-6.38357800860266
GTEX-1GN1W-1026-SM-9OSW2,1.86396334639631,0.296178086874846,-0.556826447883294,1.22271738890803,-0.122508806317189,6.73175762145655,-7.00036937687655
GTEX-1GN2E-1526-SM-7P8TD,0.651402895233504,-0.766540711336283,0.220076405111146,-0.104348381111857,0.840223038756268,-3.65219219157589,2.9196289752888
GTEX-1GN73-1026-SM-9KNV9,0.139429758404415,-0.264787784270583,0.359470334116689,-0.87433328506414,1.01692704337355,-3.896002950652,2.96359173732799
GTEX-1GPI7-1526-SM-9JGG8,0.495915346183384,0.745955157012311,-0.46368344604616,0.595074574274319,0.439239609537222,-2.04425306832157,3.11463030996524
GTEX-1GTWX-0626-SM-9WYU1,-0.158828121219408,-0.737947403565406,0.188611108626408,-0.392893301812806,-0.787350663774979,-3.44975675205576,2.76389163256461
GTEX-1GZ2Q-0726-SM-9KNVV,0.0398643993519852,-0.386915515016956,1.27164414659107,-0.735496707183784,-1.1325903065744,-3.37584870418156,3.34936096456522
GTEX-1GZ4H-0426-SM-7MXV5,-1.1000183869985,0.503466261956164,-0.60967177186902,0.54334624217595,-0.648451201546222,6.39660281973283,-6.36443206623696
GTEX-1GZ4I-0726-SM-9QEHL,-0.702761369365999,-0.0671479800495475,0.0796851105763033,-1.01806325364493,-0.73393142855306,-4.32758062018384,2.89687066773187
GTEX-1GZHY-0826-SM-9OSXT,0.447753846933732,-0.994061921601701,0.634301513398448,0.678026808951086,-0.0605877171563553,5.76719205623946,-6.77073410894214
GTEX-1H11D-0726-SM-9OSWA,1.4733765207778,0.387429788981865,-0.302210139580272,0.598119045433946,-0.740048612036558,-3.50527470656122,2.85467092593945
GTEX-1H1CY-0626-SM-9KNVE,0.0781342583553076,-0.661234264161175,0.948722573223188,-0.742761561675851,-0.2342278407383,6.63108467972583,-6.79304657877968
GTEX-1H1DG-1026-SM-9MQJS,0.373007389648761,-0.0160734566812497,0.496701929414561,-0.902133191829851,-0.764832577509751,-1.99445950057868,3.02334407868676
GTEX-1H1E6-0726-SM-9WPQ4,-0.847287547701786,0.689521878546572,-0.740252401293267,0.14320846828622,-0.00677369051046282,-2.62346544614744,2.94310667655142
GTEX-1H1ZS-0826-SM-A9SMD,0.85222036884715,-0.503975534026473,0.0672827132553221,-0.792260994471989,-0.219798110505004,-2.87054560706995,2.67764909907637
GTEX-1H23P-1026-SM-9QEHQ,-0.466538017245404,-0.638199948485496,0.382643561928039,-0.894206028292747,1.38307098119599,-3.51608409347815,2.74423579633195
GTEX-1H2FU-1226-SM-9KNVY,0.530709123441904,-0.41785884529243,0.0964897006093159,-0.288198841229419,-0.520886395750562,7.65050700543251,-6.69888643392568
GTEX-1H3O1-0326-SM-9WPO8,0.806615536291985,-0.883101496317723,0.417972540911636,0.555000294022634,0.671530553746276,-2.12589877391522,3.03543632039925
GTEX-1H3VY-1426-SM-9WPOB,-0.220917364760291,0.682763661733534,-0.516475700063261,0.295511378863394,-0.734122336236673,-2.6810230861301,2.91003584190252
GTEX-1HB9E-0726-SM-AHZ4L,-0.634530031601193,0.41240863675296,0.388797645939468,1.04920505653025,1.00175953943954,-2.35125101238299,3.17194131168273
GTEX-1HBPH-1326-SM-9WYSN,-0.219232884944147,-0.951735510577245,0.294933978014283,-0.209308556872152,-0.250846700578236,6.13836930730131,-6.20521680425269
GTEX-1HBPM-0826-SM-9WYSP,-0.468059782142753,-0.710985154897104,-0.135846638324486,-0.760792735667007,1.0933744081951,7.03048012489858,-6.92942549710088
GTEX-1HCU7-0926-SM-A96TK,-0.369861368541633,-0.432293085730298,0.48352294889459,-0.653048771678013,0.22763773939185,-4.52076368922623,2.76067072295567
GTEX-1HCUA-0226-SM-A8N88,0.174724995584596,0.589054363020304,-0.984432304786278,1.45372218547709,-0.0613111565622375,6.51077922802979,-5.68668490185327
GTEX-1HCVE-0626-SM-A9SL2,0.119259549760186,-0.92548616771786,-0.40980000252049,-0.970176055835214,-0.737324640610145,-3.34160167666477,2.97357386817899
GTEX-1HFI6-0926-SM-9WPPV,0.737430678726038,-0.776865774862533,-0.0603282565715901,-0.214780705576018,-1.77051673552817,-4.13464823570346,3.22444055053908
GTEX-1HSKV-1126-SM-ADEIA,-0.672544167476749,-0.108693823823535,0.287865617501998,-0.954842313565756,0.40421865783548,-3.75554635662899,2.79077519060148
GTEX-1HSMO-0926-SM-A96S7,0.121748708145058,-0.471977922970749,0.505295371919946,-0.590748765123801,-1.31531462508712,-2.91647063205219,3.10187489291751
GTEX-1HSMP-1326-SM-A96TR,-0.267825086553476,0.284125548363987,-0.667737244734455,-0.743700798726922,0.591478857580346,-3.88654762365789,2.81386412338274
GTEX-1HSMQ-0726-SM-B2LXY,-0.619612101856516,0.60278680310909,-0.990187651614076,0.123965272387773,-1.2514684125387,-2.78990222860054,2.89595002374825
GTEX-1HT8W-1426-SM-CE6S2,0.330670829203818,-0.477399834771226,1.02759239670665,-0.278478324867349,-1.19096760263477,-1.59267988077728,2.93547377428273
GTEX-1I19N-0526-SM-A9G27,-0.550356874139458,-0.661849737370877,-0.0847940345141797,-0.761553052851617,0.244267711492667,-2.5897966959237,2.91680867310573
GTEX-1I1CD-0926-SM-CL55I,0.596177864966471,0.118131165944689,0.147052146512225,-1.1308291675121,0.66030315149042,6.98636304917936,-6.7736602907394
GTEX-1I1GP-0526-SM-ARL7G,0.260393184227501,-0.555921529108844,0.658465772056262,-0.691970123815742,0.223662224643965,-2.23049106361591,3.10390561931428
GTEX-1I1GQ-1126-SM-CNNQT,-0.426732562152119,0.723603078294919,0.674786524554347,0.562011775137889,-0.792993817656861,-3.49544372231903,3.24228996392821
GTEX-1I1GR-0726-SM-B2LWL,-0.474484570636585,-0.52167245822133,0.292511270124431,-0.0140671554494754,-0.965476481771323,-3.77048241654903,2.97687609757265
GTEX-1I1GS-1426-SM-COH3W,-0.351435961003655,-0.744925074602171,0.338708321113501,-0.563097390722873,1.21185054153921,-3.28849563376076,2.97276002272239
GTEX-1I1GU-0526-SM-B2LX2,-1.02213343436445,0.482703045824242,-0.782371354130905,-0.090557286615206,1.39105626966548,-3.89355209062666,2.59005519367153
GTEX-1I1GV-0926-SM-B2LXM,1.01540910953397,-0.852384312271282,0.4378225942318,-0.064133527386973,-0.608718959295486,-2.62291230529722,2.85834808619727
GTEX-1I4MK-0326-SM-B2LWP,-0.994679699991188,0.622930422313001,-0.750686546018433,-0.0557240745058521,-0.538846514385095,7.11824143176402,-6.6548958854075
GTEX-1I6K6-0926-SM-AHZ2N,-0.430940978416843,0.311849964964671,-0.684523946285081,0.716993783588558,0.0621383309225716,-4.47885971073649,2.72232526621774
GTEX-1I6K7-1226-SM-B2LVS,-0.115705554000296,0.668730560601035,-0.551457264728475,0.0512335594694269,-1.18545986228095,-2.98416870411518,2.9194687150388
GTEX-1ICLY-0926-SM-CM2RJ,-1.23977119498587,-1.60840953697317,-0.188412306855132,-0.0868912560337316,0.0191140424102883,-3.37370394410822,3.33002932512879
GTEX-1ICLZ-0926-SM-CKZPQ,-0.562216538908744,-1.09952326373549,0.414649538552878,0.167929670011533,-1.21724587145243,-4.34915394793751,2.99569362012158
GTEX-1IDJH-0726-SM-ARU7U,0.23768975269154,-0.464730943095978,0.3113356975137,-0.860760350123212,0.836897065577723,-3.78885663617428,2.71196259014879
GTEX-1IDJI-0626-SM-C1YQD,-0.424565822599274,-0.0658258029501313,-0.1103129922651,-0.294161928489304,1.42683838693522,6.98204516855894,-7.28550021920639
GTEX-1IDJU-0226-SM-CKZOF,1.21080146971828,0.0983662470190881,-0.920607772224573,0.468296224071796,-0.11285572810244,6.81212961316171,-6.68990144502543
GTEX-1IKJJ-0926-SM-A9G2L,0.544862699190888,-0.939520256034734,0.674514774909084,-0.778801458261655,0.169876836358406,-2.80979085617759,3.01344232269584
GTEX-1IKK5-1926-SM-A9G2V,-1.03086028805785,0.632151479516959,0.682959862896374,-0.824236682158854,1.05626341205607,-2.59203768224429,2.98516678608949
GTEX-1IL2U-0926-SM-CKZOB,0.485852082931544,-0.121851116063887,0.60182678297128,0.300710410375338,-0.95704448305801,-3.52513038317755,2.8588147525989
GTEX-1IL2V-0726-SM-ARZMB,0.754333170162762,-0.807010741841548,0.740506794968941,-0.904689562466352,-0.195338907314681,-3.94699711875755,2.75652850513339
GTEX-1IOXB-1126-SM-CNNQ5,0.830166074556127,-0.70757720678631,0.498580619514992,0.929191586549904,-1.29538167608266,-2.92045424717559,3.13938435043938
GTEX-1IY9M-1126-SM-A9SLV,0.0178122314935262,-0.74234998952101,0.70976404676435,-0.274916783291338,-0.538350006238073,-3.62314857446841,2.86829446303316
GTEX-1J1OQ-0926-SM-CJI34,0.493067616137408,-0.866831163236295,0.128726372142985,-0.475415545745699,0.160952246834567,6.94154624236353,-7.04602052886927
GTEX-1J1R8-0226-SM-AHZ3C,-0.963439276190713,0.536960941781776,-0.754509364897131,0.800119562541837,0.12471578966045,-3.32048226386742,3.05584396001832
GTEX-1J8EW-1026-SM-A96T7,1.67671804602971,0.372386851291381,0.199656002539915,-0.32953386968352,0.703264946575685,4.30943738164519,-6.60191118528219
GTEX-1J8JJ-1126-SM-CL55P,0.106205244281965,-0.684778894599186,1.25353160132936,-0.861142051180452,0.474583204642657,6.05340642024947,-6.06520209723668
GTEX-1J8QM-0526-SM-AHZ3Y,0.843324389125661,0.546600472329462,-0.671480686615057,0.828087188134979,-0.133160740897482,6.9498412086474,-6.50104032734256
GTEX-1JJE9-0926-SM-CNNP9,-0.655852303285461,-0.284530372291573,0.496179800258046,0.841521803187765,-0.887994027288151,-2.99092557564135,2.47239019703829
GTEX-1JJEA-1126-SM-CKZOC,0.777490675240857,-0.749001618274057,0.616407371527211,0.245722714204322,-0.422358816169451,-3.74761926024812,3.02098644482343
GTEX-1JK1U-1126-SM-CY8HK,0.448940674016562,0.485954597010682,-0.929239394867232,-0.671233506332973,-0.103994028087665,-3.73672623581925,2.72370173967474
GTEX-1JKYN-2126-SM-ARU8W,-0.97928260727135,0.534127605094235,-0.373030893486956,-0.835049898712218,0.466167381372506,-3.95332245675703,2.70495600136423
GTEX-1JMLX-0926-SM-CNNPQ,-0.557266336677076,0.194668518178551,0.0514690147203224,0.736249607888506,-1.27762894210209,-3.2798093670075,2.88039832519327
GTEX-1JMOU-0526-SM-CNNPE,-0.0481946908918312,-0.95977331417811,0.143032086549355,0.681893735266706,0.663655301755444,6.6375045184103,-6.44946979137987
GTEX-1JMPZ-1126-SM-ARU8X,0.727960706048234,-0.191333601352846,0.249887227016307,0.281797006877211,-1.14787977169126,-2.71371832072403,2.63220577063906
GTEX-1JMQI-1126-SM-ARZN2,0.529119733256401,-0.910424180771431,0.178145535414551,-0.939884876499103,0.0204714693692885,-4.76222889898768,2.92001952934649
GTEX-1JMQJ-2126-SM-CNPPA,0.581553061277138,-0.645533745969399,0.828598825200291,-0.61736611641473,0.366344608113811,0.109018073872874,3.02299043197775
GTEX-1JMQL-1126-SM-CKZOP,-0.305766014986173,-0.715381120033818,0.680720970228086,0.0108301077609049,0.395656900789589,4.89093086415699,-6.74741842673095
GTEX-1JN6P-0726-SM-ARZN7,0.286932426025009,-1.04667980594811,0.316963352315492,1.88509993230737,0.343597153809362,-3.21815280122985,2.90615768022224
GTEX-1JN76-0826-SM-C1YRK,-0.267946959173808,0.559546233067756,-0.755235364385241,0.224700277216439,-0.0801780168856952,6.89687963014624,-6.37753453301132
GTEX-1K2DU-0526-SM-D4P2Y,-0.870666548426045,0.0550710494513177,0.0665626908250962,-0.7379007223789,-0.612152563486372,-2.74601998429617,3.0217876863706
GTEX-1K9T9-0926-SM-D3L9C,-1.11110382917587,0.402111713980937,0.152793169090575,-0.400245847396971,-1.05089405792076,7.17173998648836,-5.7449076858208
GTEX-1KAFJ-0326-SM-DHXJG,-0.396524470265532,-0.432982648286644,-0.00116994824470477,0.88621119467113,-0.429796000274339,-3.01285502741322,2.63012761568248
GTEX-1KANB-1026-SM-D3L9F,0.60642784550569,-0.193878224572976,0.556653155470741,-0.728695112830604,0.87040972686847,-3.05619292549641,3.3018950942609
GTEX-1KD4Q-0926-SM-CXZKI,-0.318284629315321,-0.843153909224837,0.684125825578633,0.542588700240067,0.948577324113548,-4.21711167531377,3.13604016060367
GTEX-1KD5A-1126-SM-CXZK6,-0.523139423108936,-0.383744078131243,-0.0441512386450352,0.238307967922124,-0.449416727851245,-4.58034959782674,3.07302970874352
GTEX-1KWVE-0426-SM-DHXJX,1.01624520163866,-0.142631184534181,1.05031765393891,0.640120081160196,0.361541101961935,-5.59876207023721,2.71588852097543
GTEX-1KXAM-0426-SM-DHXKG,-1.06853626273578,0.613110749750511,-0.651945780682003,0.381347650577918,0.724247904416657,-4.23704021097911,2.56660317792567
GTEX-1L5NE-0726-SM-CXZKQ,-0.918093624207178,0.410710853713651,-0.935907313343761,0.138008808049604,0.275558972186068,-4.33080533931795,2.91987173699489
GTEX-1LB8K-0826-SM-D4P41,0.687807490429027,-0.85286794524985,0.781253850105978,-0.762706926446246,0.470239195780616,-2.59352704103047,3.16841094734847
GTEX-1LC47-1126-SM-D4P43,-0.0336623976217443,-0.828388512109441,0.270529280396819,-0.556762416353786,1.6491398075034,-3.12797262487476,2.84301414950737
GTEX-1LG7Y-0826-SM-E9TJX,0.739317131377385,-0.444094675708743,0.623372504254271,-0.484941199878346,-1.02748308067985,-2.79083322187658,2.72872808542359
GTEX-1LGRB-0226-SM-CNPQK,-0.853250558678811,0.416750547421381,-0.429015559958385,-0.761423948723292,0.226100864775869,5.72291288250442,-5.49588877294954
GTEX-1LSVX-0626-SM-E9U59,-0.476344260064205,-0.761571361345347,0.26299621584361,0.273165409228732,-1.54800197224237,-3.06301109290475,2.5427088976994
GTEX-1LVAN-1126-SM-CNNRE,-0.4784451409196,0.0298298508551397,-0.369038771517297,1.77185423367899,1.00626675064126,6.78865679733737,-6.14795020803131
GTEX-1LVAO-1226-SM-DIPGB,-0.794047849931589,-0.3129189676624,0.426565811377517,-0.882993161251646,0.218591960537895,-3.37739949086946,3.04318035334752
GTEX-1M4P7-0826-SM-E9TJR,-0.131954144803265,-1.05049872542678,0.470278534269285,-0.798671627768816,0.699723884658224,-3.24585801791615,2.92097274477621
GTEX-1MA7X-0626-SM-E9TJI,-0.386098151364572,-1.27876183551947,0.152614087603323,-0.404700920046532,-1.48298676013916,-2.8861285766979,2.78475149737718
GTEX-1MCC2-0726-SM-EV7AL,1.70663949312853,0.488086793216377,-0.407436620600526,0.803149442929964,0.355063444454587,7.02068040568402,-6.55780625756501
GTEX-1MGNQ-0826-SM-EVR41,-1.01152776730354,0.517810570147528,-0.611416825851936,-0.68768657255662,-0.525851520895906,-3.3280560307033,2.85684455157703
GTEX-1MJIX-0626-SM-DTX8V,-0.845342424745647,0.417683038700615,-1.03128750335162,-0.874069497584173,-1.50615808653121,-3.52406248163516,2.78970166046603
GTEX-1MJK2-1126-SM-E9TJ7,0.560708163038282,-0.690491688553882,0.892091656375113,-0.825860330458171,-0.180981388594592,-2.97337014670963,2.78443465560717
GTEX-1N2DW-1126-SM-EVR59,0.121159020071198,-0.446954472686498,1.39149823356059,-0.79004574276687,0.195568802726392,-2.74341926348842,3.01045716480892
GTEX-1NSGN-1626-SM-EXOJF,-0.513229275309535,0.671146912428762,0.376047692903563,0.861409661061248,0.636554147679187,-2.32567453300425,3.33439749305915
GTEX-1NV5F-0926-SM-DTX8N,-0.645465197940157,-0.621542251795468,0.68032918592333,-0.61298043424131,-0.120704883628922,6.43274072401078,-6.61374715681774
GTEX-1OJC3-0726-SM-DTX92,-0.671627915182043,0.474730078914373,-0.704206847520298,-0.817310473347872,-0.360334283419702,-4.38330228518562,2.59928021859209
GTEX-1OJC4-0626-SM-DTXEY,-0.0580186151177533,0.129914752796736,1.39215642934169,-0.772938825607872,0.267845779206031,5.74238345518101,-6.19920313918285
GTEX-1P4AB-1026-SM-DTXES,0.192839310405619,-0.748926310990363,0.00780146182835733,-0.573041875609505,-1.58629167583487,-3.15299313616655,2.72500240053068
GTEX-1PIIG-1826-SM-DTX7N,-0.743503549289773,-0.726901348213277,0.666163834447485,-0.890764115044281,1.74103323201783,-3.35681120423515,3.01712281707778
GTEX-1PPGY-1826-SM-EXOJ8,0.0425085655459043,-0.708631254281317,0.70807130551095,0.811637784180574,0.350563918530386,-3.35994404662959,3.04709110201355
GTEX-1PPH7-0226-SM-E76Q1,-0.606269872954024,-0.744103877855072,0.470534954110459,-0.409194778361541,-0.86619847936619,-3.01194378972691,2.92349305208258
GTEX-1PWST-0826-SM-DTXF1,0.372921103818904,-0.608587945933661,0.209143664707313,-0.699340381540012,1.49004125012337,-3.20496024340858,2.37842394734641
GTEX-1QAET-0426-SM-EXUSM,0.898339325418022,0.0584373605714815,0.295881262092538,-0.846722591043939,1.19486830236708,-3.56462283048945,2.60435607570842
GTEX-1QCLY-1026-SM-EWRNI,0.723995240892017,0.659735387509899,-0.77428981754408,-0.757144957861105,-0.254844141070561,-2.25254760836246,3.00878604858714
GTEX-1QEPI-0826-SM-DTX9B,0.154665280194684,-0.915089742199043,0.915463157401499,-0.659599477579064,0.6634495265864,6.77792984504183,-6.61255756534744
GTEX-1QMI2-0926-SM-DTX7S,1.35238851588452,-0.517321225910422,0.378616690045109,-0.927903926497421,0.0544665589806141,-3.4638309886205,2.72517829962896
GTEX-1QP29-1226-SM-E6CQ1,-0.950183271070996,0.516597575599296,-0.541574488068194,0.0402870770822886,-0.405786898606349,-3.27175673369943,2.73478671489704
GTEX-1QP2A-1226-SM-EVR3I,-0.521540521786778,0.389695937622649,-0.850721604424004,-0.890967856516752,-0.364643009918401,-3.6829680404089,2.79491674556965
GTEX-1R9PM-0426-SM-EVR3P,-0.93516991382839,0.646903093299581,-0.303326456609259,-0.633740231926446,-0.0652013564119707,-2.20745273131838,2.80379067283062
GTEX-1RAZQ-1026-SM-EAZ4R,-0.0373540313499,0.0350727317605082,-0.250942336721102,0.680625576194903,1.82001000589361,-4.572563207609,2.80030840253544
GTEX-1RAZR-0726-SM-EV7BA,0.163948866145625,0.0869629942902801,0.00632458097928708,0.852591491859792,-0.680927226407866,-3.71286413622584,2.91420197851208
GTEX-1RAZS-2226-SM-E8VMU,0.383338514371239,-1.08715442067905,0.0986549827594808,0.160648694792876,-0.994138929180874,-3.13182518259563,2.51835534339572
GTEX-1RDX4-1626-SM-EVR53,0.581994802142141,-0.946874612827133,-0.114286644024242,-0.597921333750871,-0.784630109494427,6.14299461972167,-6.55064958066467
GTEX-1RLM8-0626-SM-E76OW,0.761317703414961,-0.18299837771587,0.451719373842766,-0.810771890315241,0.711229343536062,-0.824156281460342,2.33509465769022
GTEX-1RNSC-1226-SM-E9U52,-0.198642490532353,-0.461711920292985,0.270032824218619,0.167414256202827,0.416420331348359,-4.20475557442271,3.08304660637778
GTEX-1RQED-1026-SM-EVYCT,0.0152821405013558,-0.594235255130185,1.19624825782236,-0.828492318355394,0.312405471301717,-4.29134721170048,2.99849439353122
GTEX-1S5VW-0926-SM-EWRNU,-0.685423175036913,-0.66316518310289,0.530030482135686,-0.538549306965452,-0.804161599150674,-2.78178243759538,2.83912006383817
GTEX-1S82P-0826-SM-EVR4P,-0.0282428746015061,0.278756872510158,-0.896312587477771,-0.917841975449583,-0.229648498657155,7.11232093181827,-6.61540913554329
GTEX-N7MS-0926-SM-2HMIZ,-0.282734884776396,-0.861943043635712,0.697379900133362,0.283206747061478,0.469292364955997,-2.78536580630548,2.81473947986889
GTEX-N7MT-0126-SM-2D7VT,-0.142459485680469,-0.421506415064396,0.0640194897329463,-1.12113554526697,0.597090239108378,7.92636090429135,-6.70231753226256
GTEX-NFK9-1026-SM-2HMK1,-0.621262540564293,0.759153009172739,-0.578294317578494,-0.0768813140582315,-1.03402533460428,-1.95153078081826,2.91967371410175
GTEX-NPJ8-0326-SM-2D7VV,-0.781707154982867,-0.397805591353772,0.010447663513975,-0.743851980243109,0.771193210848724,-2.02120149599058,2.8292673035005
GTEX-O5YT-0526-SM-32PK8,-0.57637878199363,0.389247253946794,-0.122152610186323,-0.682048375341543,0.0313665489211768,-1.90548891373113,2.99807359621297
GTEX-O5YV-0526-SM-2I5GE,-0.905586034353095,0.300757250813535,-0.231120221563856,-0.0908187283262636,-0.798547407699459,6.58955607627664,-4.52806456459328
GTEX-O5YW-0526-SM-2YUMX,-1.17471104874465,0.542542492280895,-0.693737632994615,-0.945036288291153,-0.249730017042197,-2.41773202413803,2.48920811942826
GTEX-OHPL-0526-SM-3NM8U,-0.909843772591541,0.693360307692259,-0.423899254815796,0.230565379307899,-0.716221045800082,6.49477287791552,-6.24272313746178
GTEX-OHPM-0526-SM-2YUMJ,-0.994010360871793,0.534423085584162,-0.399984397047799,-1.08855601000496,0.357198110669734,-2.49580350178516,2.31519817100966
GTEX-OIZF-0526-SM-7MXVM,0.996660307109631,-0.120896953366243,-0.556316532938275,0.577639297882326,-0.591271722973361,-3.86100458682032,2.70995876546328
GTEX-OIZG-0526-SM-2HMLF,0.172659365315736,0.210085749417274,0.251311265620183,0.360659822016114,-0.225932810399696,-2.41243892872595,2.57071046348702
GTEX-OIZH-0526-SM-2HMKV,0.590389843571599,0.538083903344302,-0.688455506266934,-0.134687071032249,0.414569765960141,-3.52237780269372,2.35906757390255
GTEX-OIZI-1026-SM-3NB1K,-0.93777901052746,0.456362913517646,-1.15176959230177,0.525961574125304,-0.930973361529921,-2.50305623770077,2.88625850103024
GTEX-OOBJ-0526-SM-48TDK,0.944717036615602,0.00162837923992922,-0.25827116841686,0.848825618637644,-0.789929629903063,-2.31371691565579,2.5783883493769
GTEX-OOBK-0526-SM-2HMJJ,0.653059937010813,0.581236728885428,-0.0579799982762532,0.0322624030499744,-0.135398060023014,-3.74763522026573,2.49867002267267
GTEX-OXRK-0926-SM-2HMKP,-0.916070187689616,0.586747329748844,-0.0721677861228457,-0.100107510235666,0.715241904037394,6.79843632421175,-6.62411110529642
GTEX-OXRL-0526-SM-2I3EZ,-0.449297869806761,0.45505163942846,-0.703544481794097,-1.14928076738227,-0.00734268302560985,-3.07443108172815,2.62937717540968
GTEX-OXRN-0526-SM-2I5EN,0.0929676808997425,-0.252945209716286,0.289263866367126,0.221835952544138,1.37151962610009,-2.45545724631243,2.7788258288012
GTEX-OXRO-0326-SM-33HBM,0.410898239782128,-0.417127337442951,0.423533195777611,-0.681672545717565,-0.428791806848761,7.17435278968441,-5.033347330261
GTEX-OXRP-0526-SM-2I3EW,0.580767149132822,-0.33347045740522,0.230574084331157,-0.755422151867122,-0.0525514608409331,6.36551537596472,-6.44123840641448
GTEX-P44H-1126-SM-48TBU,0.599248210537685,-0.2464191817372,-0.151339957421565,0.955887664346058,1.37765098656652,-2.11531462707482,3.06703347927257
GTEX-P4PP-0526-SM-2HMKE,-0.832026665224296,0.88494544411036,0.011840199736058,-0.0977940621963449,0.837025019304589,6.38921467995082,-3.29917612637942
GTEX-P4PQ-0526-SM-2HMKR,-0.211065293084497,0.368912820101443,-0.659662648514019,-0.127059283322184,0.188283102515104,-3.24462917141323,2.68877704189655
GTEX-P4QS-0526-SM-2I3ET,0.573855166082663,0.622813595036171,-0.230584411153689,-0.569330490305204,0.41455319692325,-4.85652164738571,2.45243519141567
GTEX-P4QT-0526-SM-2I3EX,-0.0600724230390076,0.513542770209636,-0.721803528781197,-0.859564516936187,0.173747393101285,6.10189666832338,-7.06821966071719
GTEX-P78B-0926-SM-2I5FA,0.487086772024044,0.236035056699261,-0.489240628959144,-0.0908084127263934,-0.623027018974814,5.9805869851294,-5.53509841383415
GTEX-PLZ4-0726-SM-2TC6Q,-0.52623269193989,-0.456179603962505,0.0461117486847062,-0.954917046627781,0.521289020142936,6.57153857958614,-5.11626101978328
GTEX-PLZ5-0726-SM-2I5F9,-1.12124125937432,0.385369936446441,-0.908803504451299,-0.0324838062089649,0.359901476095916,-1.81749355507336,2.88328361414189
GTEX-PLZ6-0426-SM-5IJDW,-0.738432439747535,0.586208678401716,-0.82469489806724,-0.626642196501325,-0.200538395884291,-3.15599321755483,2.89053212443079
GTEX-POMQ-0526-SM-3GADD,-0.263350811061534,0.30304033993533,0.0609493066009739,0.719469170226991,0.122728794277114,6.07492422415449,-6.3055107840522
GTEX-POYW-1226-SM-2XCEP,-0.908562621169937,-0.939407505339847,0.0394491351561464,-0.922722417204996,0.714607002365494,-4.5280666493475,3.23271818463855
GTEX-PSDG-1126-SM-2S1ON,-0.483537198171332,0.449560793075828,-0.433131722069966,-1.04137133671539,-0.251487616505222,-1.4784675434125,2.80568149007684
GTEX-PVOW-1026-SM-2XCF9,-0.0542277081592698,-0.95083430466211,0.21608698870318,-0.988187185344471,-1.1013240637338,-5.59876207023721,3.12917512601067
GTEX-PW2O-0526-SM-2I3DX,-0.910519889478502,0.435710318651405,-0.194626001855649,-0.799779500329752,-0.549488642867848,-3.99702624203836,2.85443430469286
GTEX-PX3G-0526-SM-2I3EM,0.456498107357492,0.291243900742507,-0.224805196292173,-0.763410891870505,-0.58568555167279,5.79723114270706,-6.56344716153815
GTEX-Q2AG-1026-SM-33HBW,0.0581186721634529,0.110290349823701,0.459848245918448,-0.959645769308011,-1.16385931528864,7.10575340110685,-6.33333439670027
GTEX-Q2AH-0426-SM-2I3EP,0.608217679250933,0.486148282849144,-0.69447327365604,-0.85544505373294,-0.145275250806656,-2.51072336072374,2.75684495916991
GTEX-Q734-0626-SM-2I3EF,0.593101147662627,0.336578168481398,0.183264902975293,-0.398539477989313,0.203846060026145,7.08146264491919,-6.50076238166825
GTEX-QCQG-0326-SM-2I3ES,0.259945183987797,0.239760546993743,-0.850616440660235,-0.956601089389126,-0.247629373941495,7.28438832929135,-6.29076423749553
GTEX-QDT8-0926-SM-32PL2,0.111381283049905,-0.773155684607289,-0.215486475825887,-0.899991779228007,0.895079611350185,7.36694376977021,-4.92318447471473
GTEX-QDVJ-0926-SM-2I5FU,1.02285550650135,0.714535975692654,-0.383067436645866,0.0429177890955518,0.724330752183483,-2.93626348446996,2.42541216841473
GTEX-QDVN-0726-SM-4B64L,-0.263884190028808,0.445540576230347,-0.0355290186206742,0.262184719076348,1.24954002463695,-3.44019084207689,2.62635739676992
GTEX-QEG4-0526-SM-48TZD,-1.03118863333152,-0.294014041409452,0.569519048879237,1.10857133013315,-1.01644868791459,-1.94252881581012,3.00936802367195
GTEX-QEG5-1126-SM-33HC2,0.805833061030258,0.74900365951971,-0.49561518157367,-0.916310329762188,-0.253549214350841,-2.50664769177537,3.27512377124012
GTEX-QEL4-0826-SM-3GAF2,0.596699471627563,-0.364475950241725,-0.03098881824904,-1.13957778877189,-0.0859977725501829,-3.14834904089068,3.03021781099679
GTEX-QESD-0626-SM-2I5G4,0.430647777484625,0.546276243400676,0.58146890946669,0.362450946557339,-0.141649020781906,-2.81170565278168,2.5351741095051
GTEX-QMR6-1926-SM-32PL9,-0.649041787030845,-0.84695448515576,-0.197352256439923,-0.776981098297135,0.701070248477398,-2.38976241849583,3.11649522278958
GTEX-QMRM-0826-SM-3NB33,0.378812289659059,0.250314626321353,-0.485978231071351,0.532230765652036,-0.631380225585086,-2.93297060815741,2.6854617656302
GTEX-QV44-0926-SM-2S1RH,-1.06655701782974,0.336677607900461,0.445134901814572,-0.88512044321711,-0.445202494132251,-1.01258197480874,2.74205204721298
GTEX-QVUS-2026-SM-EYYW9,0.889577858355542,-0.876759793973568,0.291812431207359,-0.442032181755654,-0.475914554907549,6.0767787774913,-7.2066431645611
GTEX-QXCU-0626-SM-2TC69,-0.847186829837428,0.617759795267913,-0.062855971601193,-0.954863777412438,-0.0879507921865362,-2.97645132571309,3.01478613848775
GTEX-R3RS-1026-SM-3GADF,-0.652434414447088,-0.372268569806483,0.54843783576052,1.79246445828851,-0.0772710927165943,6.56482560959197,-3.56774085624984
GTEX-R55C-0526-SM-3GIKA,-0.421194529012948,0.627402144342296,-0.646282240383839,0.129509810826157,-0.377633879030727,-2.89113969646293,3.05324252787373
GTEX-R55D-0926-SM-3GAEU,0.424951498251952,0.596560873287066,-0.67533949160522,-1.26260555062087,-0.86421517516097,-2.22238256995016,3.08723935267093
GTEX-R55G-0826-SM-2TC5U,0.483604203522556,0.511337495615964,-0.413501501212064,-0.768850975527109,0.878454000277496,6.49338736300856,-5.85735518650654
GTEX-REY6-0426-SM-2TF5G,-0.942908978619192,-0.853118798350277,-0.00483037189967641,-1.11440154144418,1.18800846616531,-0.370215473991713,2.69100869294092
GTEX-RM2N-0426-SM-2TF4T,0.125587105780341,0.619379328670192,-0.787794553846209,-0.256897410221061,0.250323979702076,-3.14074775685544,2.77719497740151
GTEX-RN64-1226-SM-2TC6E,0.198821018058659,-0.432094778076126,0.778542190649629,-0.977656099538406,-0.768303258391721,-1.95798360918198,3.10418190767159
GTEX-RNOR-0726-SM-2TF5I,-0.540357488302876,0.244705114977628,1.27995670578646,-1.0291739039078,-0.0228976773377453,7.61672819098778,-6.35044394208142
GTEX-RTLS-0926-SM-2TF5X,1.30037297461733,-0.475724035114968,0.603110498667524,-0.882518559417337,0.240458571474507,7.43077287913527,-6.22745986017573
GTEX-RU1J-0126-SM-2TF6Y,-0.785015141436416,0.375408628650958,-0.612644312267342,-0.932735087774556,0.264151266225429,6.40237775729081,-6.33973775801751
GTEX-RU72-0526-SM-2TF5Z,1.43688259940344,-0.142631908816687,1.03935488356152,-0.909843939152778,0.89949077669234,6.77725732763826,-5.73185896515132
GTEX-RUSQ-0626-SM-2TF5V,0.556408037331746,0.515445519078371,-0.385630165040071,-0.815923937039653,0.738679569085184,-1.47687171638079,2.64034450715564
GTEX-RVPV-1726-SM-2NKAQ,-0.265731068545158,-0.764810846276761,0.695605288753007,-0.506997964159574,0.704196405476876,-3.75665693786574,3.04654334706025
GTEX-RWS6-0226-SM-2XCA9,-0.741331939220819,0.553086758690304,-0.908452965647023,-0.86370822785905,-0.365728297493903,7.03044439950653,-6.28546298285936
GTEX-RWSA-1126-SM-2XCAZ,-0.0265312562076436,0.34809010876514,0.107315923443333,-0.965929811956368,-0.153561826783467,-0.751719313894696,2.95338624825012
GTEX-S32W-0326-SM-2XCBI,-0.460377245592991,0.426131754917313,0.286069604932714,-0.88224314285048,0.0941255788812854,5.67413526447669,-6.19412674926118
GTEX-S33H-0626-SM-2XCBJ,-1.13369305756863,-0.71722147184491,0.106759401130712,-0.699617421243698,-0.862150046594916,-2.36096268088598,2.84338863157279
GTEX-S341-0326-SM-2XCAU,1.67678854545145,0.354278039772213,-0.764508973249293,-1.08937564232887,-0.790144302198132,5.81980473411644,-6.52292279728966
GTEX-S3LF-1126-SM-EVR33,0.902729968497937,-0.344651437851319,0.124543350366565,-0.609560349118975,-0.755226065198389,-2.73299081024895,2.7242924976515
GTEX-S7SE-0926-SM-2XCD6,1.07038089770615,-0.342078603583966,-0.380204198920797,-1.14153907093221,-1.41403077635401,-4.13043379782195,2.98731744960641
GTEX-SE5C-0526-SM-2XCE1,-1.02441091965277,0.827583515364912,0.00408281525031636,0.284575601877531,0.503201914811663,5.73476269840403,-4.82354583624077
GTEX-SIU8-0926-SM-COH1X,-0.184225579956174,-0.373951889815664,0.670495206422138,-1.09313204314424,0.576665001596524,-2.96978917143176,3.11407976096879
GTEX-SJXC-1026-SM-EYYVA,0.916286933949811,-0.343569679725201,0.498570065110174,-0.559692565160648,-0.000564877325732349,-3.67536168518367,3.15689000732078
GTEX-SN8G-0926-SM-4DM5I,-0.451837106819334,-0.310078301529354,0.918169077573508,0.961105420561774,0.799002723255786,6.18186654130815,-5.6968528030732
GTEX-SNOS-0426-SM-32PMH,-0.26433386861708,0.518160374583003,-0.552700782412615,-0.972662614356169,0.993406386874229,-4.49808800360375,2.67720346144756
GTEX-SUCS-0626-SM-32PM5,0.511418002023363,0.758043494476456,-0.777060076546052,-0.949394180388482,-0.681581645704575,-4.26550095542434,2.41352857019028
GTEX-T2IS-0526-SM-32QP9,0.436028512462864,-0.73569986585638,0.0321421955021843,0.719544999910911,-1.28981433633049,6.43754516701626,-6.45038332356568
GTEX-T5JC-0826-SM-32PMC,-0.341950031879648,-0.575078429998206,0.129327825933913,-1.0968789492614,0.45998543672327,-4.34034323883999,2.80014919440572
GTEX-T6MN-0826-SM-32PM4,-0.417474104381311,-0.55245941173929,0.57352988007596,-0.822315024860437,0.113174779760681,-3.8613044063862,2.74154681387022
GTEX-T6MO-0426-SM-32QOI,-1.17158581856211,0.425589680595751,-0.575952882071216,0.500234097131882,-0.519653574749723,7.08512271970418,-6.4415722391276
GTEX-T8EM-0326-SM-3DB7F,-1.03835076475935,0.706485786551287,-0.314916852378469,-0.904598562608275,0.108318519183815,-1.79994654672052,3.12018086931711
GTEX-TML8-0326-SM-4GICN,-1.09893382343126,0.659284553041445,-0.362389358584896,0.495265532186516,-0.318137678410094,6.30029702080999,-5.69499299554224
GTEX-TMMY-0926-SM-4TT1Z,0.400367689503643,0.684382699415306,-0.4267756100674,0.839940108028878,-0.147026715075365,6.32053880114702,-5.55925158663857
GTEX-TSE9-0726-SM-3DB8C,-0.440240366668852,-0.675252707520481,0.0656610499490958,0.531890687366522,0.540310691073065,6.41421483680937,-3.54565429507943
GTEX-U3ZH-0526-SM-3DB75,0.346280409479106,-0.166600568774702,-0.140280782080318,-0.569243307606004,-0.675045919901696,-2.41082399940208,3.23791911890202
GTEX-U3ZM-0426-SM-3DB73,-1.1085899416379,0.60860681564081,-0.651249928541864,-1.00309860343284,0.291469035788986,-2.26087361102644,2.8678910191863
GTEX-U3ZN-0626-SM-3DB7U,1.05238809806416,0.490815180792883,-0.215301234898474,-0.847093544121638,0.200734522003125,7.04681873109184,-6.12529437572187
GTEX-U412-0826-SM-3DB9K,0.635934496295257,-0.607424089159598,0.35044506076855,0.529549009153006,-0.296350209217789,-2.73875604327868,2.70561999214043
GTEX-U8T8-2226-SM-3DB95,1.45164313867081,-0.676963357219994,-0.509092478767297,0.817076909370653,0.368112492347101,-3.00378575190928,2.69445805758998
GTEX-U8XE-1426-SM-3DB8Q,0.937297264668706,0.789616680553808,0.424456575023598,0.636024897888868,1.18347183878604,-3.18656102923863,2.73860326104656
GTEX-UJHI-0726-SM-3DB92,-1.01844183189994,0.69623518787038,-0.590094104851441,0.649465047928797,-0.662064627313476,6.79731365585705,-6.10423756397774
GTEX-UJMC-0726-SM-3GADX,0.335762090389704,0.537627036451518,-0.800702051927315,0.227570969325073,-0.977784408491433,-3.35999203710588,2.67624072555869
GTEX-UPJH-0826-SM-4WKFD,0.00688133026059236,-0.19339482241088,0.567609391363268,1.04035170570856,0.244143635046271,-2.53938174879785,3.27601273062436
GTEX-UPK5-1126-SM-3GAEJ,1.11496124273931,-0.0467882898359277,0.0860883023441304,-0.720040936183116,-0.326527195235181,-2.94058353894183,2.90201684641597
GTEX-V1D1-0826-SM-3P5ZA,0.864620394543294,0.0689928230171873,-0.0400975488718488,0.840056668513848,0.388424276205283,-2.59383161813092,2.68154728857471
GTEX-VJWN-1326-SM-EVR2Z,-0.390085760722046,-0.561862195295649,0.521444799366965,-0.771401140226151,0.620554184175377,6.31996528829614,-6.04515026747169
GTEX-VJYA-0326-SM-3GAEX,-1.18421986779033,0.483723307959924,-0.567774747495457,-0.637107445321981,-0.483728681477681,-4.73326714133876,2.49056984473294
GTEX-VUSG-0926-SM-3GIK6,-0.438108563805476,0.102612121001569,-0.0423225314854136,0.122349726422576,-0.888377961001029,-3.21734808870633,2.75280782927437
GTEX-W5X1-0526-SM-3GILH,-0.335703105766369,0.437705023824407,0.0912531558411388,-0.688842196873686,-0.260214750199956,6.97906330699491,-6.09397654269774
GTEX-WFG7-0526-SM-3GIKI,-1.02495866009692,0.554658331818241,-1.08159314533016,-0.466726460636317,-1.05473345454999,-3.56807221982401,2.76213603678371
GTEX-WFG8-0926-SM-3GIKJ,-1.11044775920226,0.320621700755177,-0.743372599526887,-0.816019913028745,-0.162259713860898,-2.02810460377116,2.7987938566621
GTEX-WFJO-0326-SM-3GIL3,-0.930393984512071,0.589963882990201,-0.896691632061901,-1.12860364087902,-0.226691444336116,-2.81171457325583,2.8962112808649
GTEX-WFON-0426-SM-3GIL4,0.370693037284715,0.306037458248545,-0.935422966097369,-0.935138353948221,0.319820301365772,-2.85808505492986,2.82782741239073
GTEX-WH7G-0726-SM-3NMBM,0.802020819796056,0.608997441960702,-0.681144210815627,0.432773211156858,-0.776269039878053,-3.10833975508212,2.539265145968
GTEX-WHPG-1426-SM-3NMBB,0.108742638022979,0.731095748687628,0.216273850814446,0.897750776407738,0.931175971210245,-3.15361689498499,2.70353165528129
GTEX-WHSB-0326-SM-5FQSD,-0.53657199391575,0.447265808269197,-0.913988470636135,-0.518852200879894,-0.46910929429657,-2.49179690427727,2.6621850283022
GTEX-WK11-0526-SM-3NB3O,0.349492717122565,-0.615517777646705,0.538625479352367,0.594519045768535,-0.619121517682209,-2.13927606693002,2.77060116421302
GTEX-WOFM-0126-SM-3MJFE,-0.933918089690973,0.394856131430817,-1.00549960904033,0.744670100375893,-0.589816443606153,-2.34149098095107,3.06244546152047
GTEX-WRHU-0226-SM-3MJFV,0.792495416681374,0.344926372633702,-0.314997050659146,0.728553137692974,-0.96357168311014,6.99149737332785,-5.4269075259613
GTEX-WVJS-0826-SM-4MVNR,-0.706476311827949,-0.746983170750171,0.249829774057864,0.830860522720356,-1.1393534227771,-3.37559733266545,3.03152011140171
GTEX-WWYW-0926-SM-3NB2Z,1.62335870481164,0.591645276264447,0.312995830075288,0.598544957670939,1.26089997484036,6.1994433324622,-5.61949919614695
GTEX-WY7C-0426-SM-3NB3C,0.623548175974607,0.7965063631907,-0.30256280329449,0.655475037734905,0.219403419640599,-2.35500232802474,2.66368344307984
GTEX-WYBS-1126-SM-3NMAM,0.163760378855211,-0.240322851797934,0.345333975499713,0.50016111356417,0.803865785471406,6.99408964845306,-5.76136322487613
GTEX-WYJK-0826-SM-3NM8Y,0.159204578175851,0.189846020840286,-0.230355730970264,0.378546914442184,-0.110845387467893,-2.52401516223497,2.89860751611782
GTEX-WYVS-0526-SM-3NM9W,1.22684777869896,0.517466458946674,-0.0410808314605298,0.271370570807416,0.195639106838985,6.14969069935915,-5.69440898845352
GTEX-WZTO-0426-SM-3NM99,-1.13020547641532,0.0591438708308989,0.566149902491368,0.666283360046495,-0.518769320268196,-1.83691468191413,3.00714383489002
GTEX-X15G-0626-SM-EVR32,0.0980000059908984,0.37730564967121,-0.343029362293263,-0.684857704694873,-0.531066694212203,4.79358455535248,-6.82555883111682
GTEX-X261-1026-SM-3NMDL,0.176188298576881,-1.11177890119988,0.0719075009404016,0.528853663261056,0.578193855268622,-3.12336996036625,2.52255602953158
GTEX-X3Y1-0626-SM-3P5YS,1.2485828235921,0.356881574608434,-0.552277754145391,0.711465071670382,-1.46432059141509,-2.36125779455517,3.09302177709643
GTEX-X4EO-0926-SM-3P5Z2,-0.245294964036786,-0.381174132907108,0.25949477641497,0.733923419064849,-1.11018841721472,7.10124586337008,-5.97753850582434
GTEX-X4EP-0526-SM-3P5YW,-0.0943052528839599,-0.468986102055543,0.759985716555917,0.685688221527018,1.68952875671029,6.41898979429369,-6.30381789122328
GTEX-X4LF-0526-SM-3NMB6,-1.04324990045746,0.613729564887687,-1.05841655875971,0.560235307496981,-0.950737953001109,-2.66032318324491,2.91824699163933
GTEX-X4XX-1026-SM-4QARO,1.04842992743725,-0.132839088442729,-0.054059669222781,0.633877435961087,-0.534801610219759,-3.18368370560361,2.79710974483139
GTEX-X4XY-1026-SM-46MVX,0.494172214098161,-0.610918639975552,-0.242756546273051,0.269213013120543,-0.340602102103893,-2.33866568784865,2.75901509780267
GTEX-X585-1026-SM-46MW6,-1.08372149325708,-0.737835669422347,-0.0789027265536762,-0.175249277795762,-0.36076622250049,-2.51401265220532,2.74952214321128
GTEX-X5EB-0426-SM-46MVY,1.49350362230718,0.335658447583911,-0.788757395825522,0.0551529277166609,0.0431637046734988,-2.08327223711654,2.79628593586675
GTEX-XBEC-1026-SM-4QASM,-0.717669341406889,-0.590579831411408,0.132690640542622,0.728686962234455,-1.26060931705343,-3.57321693355934,2.81055095993867
GTEX-XBED-0826-SM-47JYC,-0.52733452580066,0.663851300224102,-0.982310168630818,0.392809515161738,0.649398691510442,-2.44946012688127,2.71127877025506
GTEX-XBEW-0226-SM-4AT6A,1.72869647099979,0.352299934705609,-0.889364620072339,-0.513848535348799,0.280813291746874,-2.02338306529291,2.88301056563038
GTEX-XGQ4-0826-SM-4AT4T,-0.0555044229348842,0.738975835063922,-0.314630752202736,-0.667156466827407,0.0360862706959252,-3.55383991865882,3.03684971814631
GTEX-XMD2-1026-SM-4WWE8,0.081910468879692,-0.382454006282865,0.563138205007925,0.757041392164989,0.702200413469541,6.52728923762476,-6.06256437266482
GTEX-XOT4-1426-SM-4B65T,-0.735747188530811,-0.362927627816785,1.00770004720541,0.192217724210406,-0.183041193425538,7.47191544901109,-5.60342455093008
GTEX-XPVG-1026-SM-4B64Y,-1.05574455990029,0.518273533242052,-0.443689309538896,0.240743663504759,1.40787084611086,-3.75922234448973,2.65091195123593
GTEX-XQ3S-0926-SM-4BOPI,-1.053479931477,0.233868070231515,-0.13904043538494,0.254525205607061,-1.67881943192423,-3.51280540227133,2.92720424063154
GTEX-XQ8I-1126-SM-4BOO2,-0.867440670355891,0.680377319450303,-0.523367881718268,0.42210627267814,0.70282282985134,-2.15961336652017,3.00838053282287
GTEX-XV7Q-0426-SM-4BRVN,-0.42134524969038,0.382068236175226,0.44537577429168,0.634705179542942,1.56893065974132,6.55532278929391,-6.66701301046122
GTEX-XXEK-0626-SM-4BRWE,-1.18002563341237,0.746568739841612,0.187714386324275,0.696365484411597,0.20186478852603,-2.00827532207965,2.89763445503249
GTEX-XYKS-0526-SM-4BRW2,0.886447857031198,0.533037628660958,-0.545914245982161,0.699741301075726,0.176833832603735,6.07011607354045,-6.92988024576966
GTEX-Y111-1026-SM-4TT22,0.620620684743679,-0.527396422640637,0.250831241603647,0.924381779739266,-1.54089799662447,-3.54307713558363,2.89373052143817
GTEX-Y3I4-0426-SM-4TT29,-0.427415197595674,0.621601901422162,-0.507344770562062,1.1724639952478,-0.0437063813125245,-3.66642613456579,2.7441033386044
GTEX-Y3IK-0626-SM-4WWE4,1.30806144632725,0.886140949990087,-0.0358608724069036,1.78309361280248,0.328069575339247,7.0030984424792,-6.01819100552355
GTEX-Y5LM-0726-SM-4VBRP,0.388977670620991,0.328910976239494,-1.02105238820686,0.901347789094609,-0.18084135633737,5.07294093450983,-5.92960616848991
GTEX-Y5V5-0826-SM-4VBQD,-1.09672921117594,0.360665073280609,0.132228239087708,0.680509671647539,0.0396361685282489,6.65030198865668,-5.95999728889016
GTEX-Y5V6-0226-SM-4V6G7,-1.17743766837461,0.560896084598621,-0.422732519765568,0.440537377851494,-0.17112374605714,-0.63536535873414,2.53421533249337
GTEX-Y8E4-0526-SM-4V6GC,-0.480438337022757,0.370320137258769,-0.209964173746379,0.545948081673938,-1.19474877720311,-2.04402084022522,2.93374412222547
GTEX-Y8LW-0326-SM-4VBQ9,-0.846824169869388,0.601966472287968,-0.847221778945017,0.890740433290093,-0.522154487845405,5.61816808301923,-5.18905345302246
GTEX-Y9LG-0526-SM-4VBRY,-0.889649127526044,0.260092273096452,-0.61341355177566,0.712872227402485,-0.97188889074983,-4.56258602307014,2.87516277842375
GTEX-YB5E-0726-SM-4VDSH,-0.224019226977454,0.465398514277096,-0.502279757949235,0.676095457823215,1.34752952848613,-3.18460274672731,2.74164615522456
GTEX-YEC3-0226-SM-DO11B,-0.525318073638825,0.445220022196809,-1.01361351761639,-0.03811685143204,-0.962897351336959,-3.55149233218154,2.80893988626475
GTEX-YEC4-0526-SM-4W21U,-0.553692987106963,0.404049390921951,-0.785478547383628,-0.360627628754833,0.17411218395521,-5.59876207023721,2.86911430934964
GTEX-YECK-0926-SM-4W214,1.26551569326361,-0.437892509412733,-0.104562864468291,-0.13122406570198,-0.620641235243925,-4.28425530520442,3.04209725318714
GTEX-YF7O-0626-SM-4W21R,-0.928357369565416,0.691631156274655,-0.549917993118558,-0.217749481314546,-0.918985786267275,-5.59876207023721,2.72390842247344
GTEX-YFC4-1126-SM-5RQJN,0.199119576875676,-0.619946870089573,1.16189393096258,0.143779098337859,0.393038774603987,7.33847418232877,-6.61756461644845
GTEX-YFCO-0426-SM-4W1Z7,1.03510715905123,0.367387212830103,-0.801400269162921,0.021963535020216,-0.535284092728121,-5.59876207023721,2.78287477555683
GTEX-YJ8O-1826-SM-5HL82,1.04645660561358,-0.806205717713363,0.0914472201391009,0.286925328428599,-1.55033419789328,7.22478754517241,-5.33876623102457
GTEX-ZA64-0326-SM-5HL8T,-0.643402864379368,0.468450205238257,-0.69072885584186,0.217350629914717,-0.502381015081407,-2.69301472615123,2.79326040337671
GTEX-ZAB4-0626-SM-5CVN3,-0.25390393072079,0.270322487790252,0.27667400412203,0.577146728664207,-0.121888156582737,-1.39382985515165,2.89603991197054
GTEX-ZAB5-0626-SM-5PNVB,-0.840116782260345,0.131304505780424,-0.0925689615603788,-0.65396041948386,-0.110059745049328,-3.96181190452327,2.82046209671971
GTEX-ZC5H-0926-SM-5CVMZ,0.146808700214024,0.490801113683281,0.406621088940219,0.744832989326175,1.88134662465753,7.08550339133954,-5.65609360817267
GTEX-ZDTS-1026-SM-4WAXS,0.625876657497341,-0.0789293056697696,1.10390179364352,1.16084355701331,0.056453639273654,-2.66629177802935,2.98837017020846
GTEX-ZDTT-0926-SM-5J2MS,-0.0303294802858853,0.23996169290718,-0.88920325453507,-0.805070982770689,-0.0264184440835115,-2.88776345228356,2.70737052749394
GTEX-ZDXO-1326-SM-57WBS,-0.979262702787393,-0.369446585185778,0.27293277302479,-0.557852427555234,-0.00750153431578158,-2.69494742643151,3.04722839361175
GTEX-ZDYS-0426-SM-5IJEQ,0.626562713213161,0.584521291952816,-0.862425151293776,1.12186681584278,-0.777343934004312,-2.69855277437073,2.7560672375023
GTEX-ZE7O-0826-SM-57WCP,1.74057058165839,-0.548161960206856,0.0339673682441677,-0.681814882175254,-0.717409431223095,5.9477459170137,-6.63064533599727
GTEX-ZEX8-0526-SM-DO115,-0.974613465995719,0.493459413344873,-0.473536770225915,-0.444079028288557,-0.273940406215876,-3.81987409981679,2.85446886124387
GTEX-ZF28-0726-SM-4WKFU,-0.653865778740036,-0.456036091855361,0.678267553744151,0.936847779311111,-0.311668828226872,-3.11114879525199,3.04630318797783
GTEX-ZF29-1026-SM-4WKGC,-0.175774481731308,0.637548292144213,-0.7255588653027,0.917497206432884,0.230902287748843,6.52929201891423,-5.85906969759873
GTEX-ZF2S-0626-SM-4WKH2,-0.285760287897738,0.112205789707508,0.0937087977958536,0.914051053314636,1.67048373321827,7.01517475065115,-6.19032796230351
GTEX-ZF3C-0926-SM-DO92P,0.0238820130186987,-0.398535818254676,0.0632819624736003,0.135438714953359,0.221958191252066,7.06810124337517,-6.9099918576277
GTEX-ZG7Y-1026-SM-4WWDG,-1.03172738518564,0.501872455475704,-0.696771632632452,0.723220694483544,0.085614119191197,-2.47292342222482,2.71697898850658
GTEX-ZLV1-0426-SM-4WWC2,-1.11815745108028,0.696313014261318,-0.461417629571088,0.527963540503128,0.473406140026725,6.95862990473764,-6.79330739759704
GTEX-ZLWG-0626-SM-4WWFR,-1.05177034038299,0.613166108495973,-0.643816127866633,1.32606670384558,1.32087268720569,6.50885980518691,-6.1817906527759
GTEX-ZPCL-0926-SM-DNZZ8,0.845099084188928,0.519266962148535,-0.844331617704105,0.269395449682053,0.646109983174754,6.74767632599759,-6.76399777392862
GTEX-ZPIC-0626-SM-57WDY,-0.321145221548573,0.678695204433097,-0.503313811349191,0.322790625086835,0.357584980452858,6.46882768217097,-5.74058513692348
GTEX-ZPU1-0926-SM-57WDO,1.20362729624668,0.486147068703931,0.13176450297427,0.34885966829193,-0.597387944022654,-2.67703700923092,2.64505821510375
GTEX-ZQG8-0326-SM-51MSE,-0.855450287325197,0.728835322931599,0.0573777716483096,-0.235839973126455,1.25518207713018,3.01128117335179,-6.06156825506678
GTEX-ZT9W-0726-SM-9JGG2,-1.24630638537227,0.534129559667287,-0.636859443297742,-0.180064524767665,-0.314226601973071,-4.70317107672647,2.84770906733443
GTEX-ZT9X-0326-SM-51MTE,-0.684938864668518,0.191158550633021,0.231786025064051,-1.00896448321968,0.628503363155346,-5.59876207023721,2.60247286712701
GTEX-ZTPG-0926-SM-5O99H,0.453028983360102,0.444279983727703,0.169765995386001,-0.0574228425755273,2.25516552605838,7.1073767037866,-6.53884953232391
GTEX-ZTTD-1126-SM-51MRP,-0.511805277519606,0.115172120190438,0.225594380375491,0.354610006224054,-0.768217796790572,-2.77854056675981,3.07603871529161
GTEX-ZUA1-1026-SM-4YCEA,1.71040879975312,-0.410991020221952,0.726504746893228,0.464992775420382,-0.899849378848852,-2.35015595005109,3.03434286571885
GTEX-ZVT3-0926-SM-5GICK,-1.04014054570159,-0.193725933562902,0.656185350830146,0.209831632608096,0.905557125098321,6.38464567662603,-6.19187967927167
GTEX-ZVZQ-1526-SM-5N9G6,0.427469197362072,-0.658252073227287,1.05029299182747,1.04439927940086,0.0588210156617771,6.69007075729644,-6.33493154095555
GTEX-ZXG5-0826-SM-5GID6,-0.897223529462546,-0.693961036779001,-0.0820588515733797,0.711967639496459,-1.29837544029181,-0.580028172184662,2.99983568021399
GTEX-ZY6K-0326-SM-5SIBB,-0.782428358817188,0.721084549163989,-0.532537348763222,0.811794537442425,-0.345943227207862,-2.44757078769869,2.77252723668538
GTEX-ZYFG-0226-SM-5GIDT,-0.865016747017096,0.813344658408024,-0.58474198531013,0.450023131508605,-0.0886887040609776,6.62545924188738,-5.51185710581182
GTEX-ZYT6-0526-SM-5GIEA,1.05456346026714,-0.230323804126189,-0.0938631112386842,0.315376069222516,-1.52242681939738,-1.81154716537674,2.90657289474847
GTEX-ZYVF-1726-SM-5E443,1.67361256195682,-0.585069039491656,0.206330197747494,0.424911878060663,0.25080526530401,6.78013791052504,-5.69244308871585
GTEX-ZYW4-1526-SM-5SIBA,-1.04371625702252,-1.05035942694988,-0.189348544847741,0.810607688986759,-1.08019677863879,-2.08051243973795,2.72784299025799
GTEX-ZYY3-0926-SM-5E454,-0.493868070085073,0.554978084684842,0.685475524790305,0.672388730089778,0.334606909335433,6.97605155282226,-5.90878589891735
GTEX-ZZPT-1326-SM-5E43H,-0.815520398716902,-0.821342210574199,0.28658068266038,0.440141068204178,-0.255956368261042,-1.9513538704635,2.90028523605885
GTEX-ZZPU-0526-SM-5E44U,0.668864459119515,0.491876283938768,-0.607825523127876,0.339156902019352,0.347970873852387,6.20473291322914,-6.46146218553614
